track_id,category,event_start,split
0,MB,79872,1
1,MB,71680,1
2,MB,79872,1
3,MB,77824,1
4,MB,92160,1
5,MB,96256,1
6,MB,94208,1
7,MB,90112,1
8,MB,102400,1
9,MB,92160,1
10,MB,81920,2
11,MB,96256,2
12,MB,100352,2
13,MB,102400,2
14,MB,108544,2
15,MB,86016,2
16,MB,94208,2
17,MB,90112,2
18,MB,92160,2
19,MB,88064,2
20,MB,120832,3
21,MB,86016,3
22,MB,96256,3
23,MB,88064,3
24,MB,83968,3
25,MB,92160,3
26,MB,108544,3
27,MB,81920,3
28,MB,86016,3
29,MB,106496,3
30,MB,110592,4
31,MB,102400,4
32,MB,81920,4
33,MB,81920,4
34,MB,90112,4
35,MB,86016,4
36,MB,92160,4
37,MB,92160,4
38,MB,86016,4
39,MB,94208,4
40,MB,88064,5
41,MB,73728,5
42,MB,88064,5
43,MB,92160,5
44,MB,98304,5
45,MB,94208,5
46,MB,102400,5
47,MB,75776,5
48,MB,83968,5
49,MB,77824,5
1000,MB,73728,1
1001,MB,79872,1
1002,MB,75776,1
1003,MB,83968,1
1004,MB,88064,1
1005,MB,77824,1
1006,MB,83968,1
1007,MB,79872,1
1008,MB,79872,1
1009,MB,94208,1
1010,MB,94208,2
1011,MB,83968,2
1012,MB,75776,2
1013,MB,92160,2
1014,MB,102400,2
1015,MB,90112,2
1016,MB,81920,2
1017,MB,90112,2
1018,MB,96256,2
1019,MB,94208,2
1020,MB,83968,3
1021,MB,90112,3
1022,MB,90112,3
1023,MB,90112,3
1024,MB,90112,3
1025,MB,90112,3
1026,MB,92160,3
1027,MB,98304,3
1028,MB,86016,3
1029,MB,92160,3
1030,MB,92160,4
1031,MB,94208,4
1032,MB,98304,4
1033,MB,98304,4
1034,MB,94208,4
1035,MB,90112,4
1036,MB,100352,4
1037,MB,71680,4
1038,MB,92160,4
1039,MB,88064,4
1040,MB,90112,5
1041,MB,90112,5
1042,MB,92160,5
1043,MB,90112,5
1044,MB,92160,5
1045,MB,83968,5
1046,MB,75776,5
1047,MB,77824,5
1048,MB,90112,5
1049,MB,81920,5
2000,MB,88064,1
2001,MB,94208,1
2002,MB,92160,1
2003,MB,79872,1
2004,MB,92160,1
2005,MB,77824,1
2006,MB,94208,1
2007,MB,94208,1
2008,MB,92160,1
2009,MB,92160,1
2010,MB,83968,2
2011,MB,98304,2
2012,MB,75776,2
2013,MB,96256,2
2014,MB,96256,2
2015,MB,92160,2
2016,MB,88064,2
2017,MB,90112,2
2018,MB,90112,2
2019,MB,71680,2
2020,MB,79872,3
2021,MB,90112,3
2022,MB,98304,3
2023,MB,94208,3
2024,MB,75776,3
2025,MB,81920,3
2026,MB,83968,3
2027,MB,75776,3
2028,MB,73728,3
2029,MB,75776,3
2030,MB,69632,4
2031,MB,86016,4
2032,MB,73728,4
2033,MB,79872,4
2034,MB,83968,4
2035,MB,81920,4
2036,MB,86016,4
2037,MB,86016,4
2038,MB,94208,4
2039,MB,92160,4
2040,MB,92160,5
2041,MB,88064,5
2042,MB,90112,5
2043,MB,90112,5
2044,MB,92160,5
2045,MB,79872,5
2046,MB,90112,5
2047,MB,90112,5
2048,MB,90112,5
2049,MB,88064,5
3000,MB,75776,1
3001,MB,90112,1
3002,MB,83968,1
3003,MB,88064,1
3004,MB,83968,1
3005,MB,81920,1
3006,MB,79872,1
3007,MB,77824,1
3008,MB,73728,1
3009,MB,69632,1
3010,MB,77824,2
3011,MB,71680,2
3012,MB,75776,2
3013,MB,75776,2
3014,MB,77824,2
3015,MB,88064,2
3016,MB,86016,2
3017,MB,90112,2
3018,MB,71680,2
3019,MB,77824,2
3020,MB,69632,3
3021,MB,69632,3
3022,MB,77824,3
3023,MB,71680,3
3024,MB,86016,3
3025,MB,92160,3
3026,MB,69632,3
3027,MB,71680,3
3028,MB,69632,3
3029,MB,77824,3
3030,MB,71680,4
3031,MB,104448,4
3032,MB,83968,4
3033,MB,88064,4
3034,MB,79872,4
3035,MB,77824,4
3036,MB,79872,4
3037,MB,88064,4
3038,MB,77824,4
3039,MB,94208,4
3040,MB,88064,5
3041,MB,96256,5
3042,MB,90112,5
3043,MB,75776,5
3044,MB,75776,5
3045,MB,75776,5
3046,MB,92160,5
3047,MB,79872,5
3048,MB,90112,5
3049,MB,98304,5
4000,MB,69632,1
4001,MB,75776,1
4002,MB,81920,1
4003,MB,81920,1
4004,MB,90112,1
4005,MB,83968,1
4006,MB,77824,1
4007,MB,77824,1
4008,MB,83968,1
4009,MB,77824,1
4010,MB,83968,2
4011,MB,88064,2
4012,MB,92160,2
4013,MB,92160,2
4014,MB,96256,2
4015,MB,77824,2
4016,MB,73728,2
4017,MB,83968,2
4018,MB,77824,2
4019,MB,75776,2
4020,MB,83968,3
4021,MB,77824,3
4022,MB,90112,3
4023,MB,86016,3
4024,MB,83968,3
4025,MB,83968,3
4026,MB,83968,3
4027,MB,75776,3
4028,MB,88064,3
4029,MB,65536,3
4030,MB,79872,4
4031,MB,81920,4
4032,MB,90112,4
4033,MB,94208,4
4034,MB,79872,4
4035,MB,79872,4
4036,MB,81920,4
4037,MB,73728,4
4038,MB,69632,4
4039,MB,77824,4
4040,MB,77824,5
4041,MB,96256,5
4042,MB,77824,5
4043,MB,79872,5
4044,MB,77824,5
4045,MB,71680,5
4046,MB,73728,5
4047,MB,86016,5
4048,MB,73728,5
4049,MB,73728,5
5000,MB,88064,1
5001,MB,96256,1
5002,MB,83968,1
5003,MB,83968,1
5004,MB,98304,1
5005,MB,102400,1
5006,MB,75776,1
5007,MB,100352,1
5008,MB,86016,1
5009,MB,94208,1
5010,MB,94208,2
5011,MB,90112,2
5012,MB,100352,2
5013,MB,100352,2
5014,MB,112640,2
5015,MB,65536,2
5016,MB,61440,2
5017,MB,96256,2
5018,MB,88064,2
5019,MB,92160,2
5020,MB,75776,3
5021,MB,79872,3
5022,MB,92160,3
5023,MB,75776,3
5024,MB,118784,3
5025,MB,65536,3
5026,MB,73728,3
5027,MB,73728,3
5028,MB,90112,3
5029,MB,73728,3
5030,MB,69632,4
5031,MB,100352,4
5032,MB,83968,4
5033,MB,63488,4
5034,MB,67584,4
5035,MB,92160,4
5036,MB,92160,4
5037,MB,81920,4
5038,MB,59392,4
5039,MB,102400,4
5040,MB,90112,5
5041,MB,88064,5
5042,MB,81920,5
5043,MB,98304,5
5044,MB,90112,5
5045,MB,94208,5
5046,MB,100352,5
5047,MB,90112,5
5048,MB,96256,5
5049,MB,79872,5
6000,MB,67584,nu
6001,MB,73728,nu
6002,MB,67584,nu
6003,MB,75776,nu
6004,MB,69632,nu
6005,MB,75776,nu
6006,MB,77824,nu
6007,MB,75776,nu
6008,MB,63488,nu
6009,MB,86016,nu
6010,MB,55296,nu
6011,MB,65536,nu
6012,MB,77824,nu
6013,MB,67584,nu
6014,MB,69632,nu
6015,MB,75776,nu
6016,MB,83968,nu
6017,MB,75776,nu
6018,MB,75776,nu
6019,MB,65536,nu
6020,MB,57344,nu
6021,MB,67584,nu
6022,MB,75776,nu
6023,MB,79872,nu
6024,MB,88064,nu
6025,MB,73728,nu
6026,MB,71680,nu
6027,MB,77824,nu
6028,MB,71680,nu
6029,MB,88064,nu
6030,MB,65536,nu
6031,MB,73728,nu
6032,MB,73728,nu
6033,MB,90112,nu
6034,MB,67584,nu
6035,MB,71680,nu
6036,MB,88064,nu
6037,MB,67584,nu
6038,MB,67584,nu
6039,MB,75776,nu
6040,MB,67584,nu
6041,MB,57344,nu
6042,MB,81920,nu
6043,MB,90112,nu
6044,MB,65536,nu
6045,MB,88064,nu
6046,MB,67584,nu
6047,MB,69632,nu
6048,MB,71680,nu
6049,MB,77824,nu
7000,MB,104448,nu
7001,MB,86016,nu
7002,MB,106496,nu
7003,MB,96256,nu
7004,MB,81920,nu
7005,MB,96256,nu
7006,MB,90112,nu
7007,MB,73728,nu
7008,MB,104448,nu
7009,MB,92160,nu
7010,MB,90112,nu
7011,MB,67584,nu
7012,MB,104448,nu
7013,MB,90112,nu
7014,MB,94208,nu
7015,MB,96256,nu
7016,MB,92160,nu
7017,MB,92160,nu
7018,MB,90112,nu
7019,MB,94208,nu
7020,MB,71680,nu
7021,MB,118784,nu
7022,MB,102400,nu
7023,MB,96256,nu
7024,MB,90112,nu
7025,MB,94208,nu
7026,MB,53248,nu
7027,MB,83968,nu
7028,MB,94208,nu
7029,MB,90112,nu
7030,MB,90112,nu
7031,MB,77824,nu
7032,MB,90112,nu
7033,MB,98304,nu
7034,MB,92160,nu
7035,MB,61440,nu
7036,MB,96256,nu
7037,MB,96256,nu
7038,MB,98304,nu
7039,MB,88064,nu
7040,MB,90112,nu
7041,MB,75776,nu
7042,MB,92160,nu
7043,MB,79872,nu
7044,MB,71680,nu
7045,MB,79872,nu
7046,MB,69632,nu
7047,MB,92160,nu
7048,MB,83968,nu
7049,MB,86016,nu
8000,MB,92160,nu
8001,MB,90112,nu
8002,MB,88064,nu
8003,MB,96256,nu
8004,MB,110592,nu
8005,MB,94208,nu
8006,MB,100352,nu
8007,MB,102400,nu
8008,MB,92160,nu
8009,MB,88064,nu
8010,MB,122880,nu
8011,MB,110592,nu
8012,MB,94208,nu
8013,MB,96256,nu
8014,MB,73728,nu
8015,MB,112640,nu
8016,MB,81920,nu
8017,MB,102400,nu
8018,MB,106496,nu
8019,MB,90112,nu
8020,MB,88064,nu
8021,MB,90112,nu
8022,MB,79872,nu
8023,MB,90112,nu
8024,MB,75776,nu
8025,MB,86016,nu
8026,MB,86016,nu
8027,MB,96256,nu
8028,MB,88064,nu
8029,MB,69632,nu
8030,MB,92160,nu
8031,MB,100352,nu
8032,MB,92160,nu
8033,MB,88064,nu
8034,MB,75776,nu
8035,MB,71680,nu
8036,MB,77824,nu
8037,MB,77824,nu
8038,MB,73728,nu
8039,MB,73728,nu
8040,MB,63488,nu
8041,MB,77824,nu
8042,MB,88064,nu
8043,MB,96256,nu
8044,MB,102400,nu
8045,MB,92160,nu
8046,MB,100352,nu
8047,MB,83968,nu
8048,MB,92160,nu
8049,MB,92160,nu
9000,HD,71680,1
9001,HD,83968,1
9002,HD,65536,1
9003,HD,73728,1
9004,HD,61440,1
9005,HD,75776,1
9006,HD,65536,1
9007,HD,61440,1
9008,HD,77824,1
9009,HD,106496,1
9010,HD,73728,2
9011,HD,65536,2
9012,HD,83968,2
9013,HD,73728,2
9014,HD,83968,2
9015,HD,63488,2
9016,HD,114688,2
9017,HD,67584,2
9018,HD,61440,2
9019,HD,71680,2
9020,HD,65536,3
9021,HD,79872,3
9022,HD,73728,3
9023,HD,79872,3
9024,HD,77824,3
9025,HD,79872,3
9026,HD,69632,3
9027,HD,79872,3
9028,HD,92160,3
9029,HD,77824,3
9030,HD,71680,4
9031,HD,90112,4
9032,HD,57344,4
9033,HD,61440,4
9034,HD,65536,4
9035,HD,88064,4
9036,HD,75776,4
9037,HD,77824,4
9038,HD,100352,4
9039,HD,69632,4
9040,HD,92160,5
9041,HD,63488,5
9042,HD,61440,5
9043,HD,81920,5
9044,HD,77824,5
9045,HD,67584,5
9046,HD,73728,5
9047,HD,69632,5
9048,HD,75776,5
9049,HD,67584,5
10000,HD,83968,1
10001,HD,69632,1
10002,HD,88064,1
10003,HD,94208,1
10004,HD,90112,1
10005,HD,75776,1
10006,HD,90112,1
10007,HD,79872,1
10008,HD,75776,1
10009,HD,75776,1
10010,HD,92160,2
10011,HD,90112,2
10012,HD,88064,2
10013,HD,77824,2
10014,HD,90112,2
10015,HD,112640,2
10016,HD,63488,2
10017,HD,94208,2
10018,HD,73728,2
10019,HD,63488,2
10020,HD,98304,3
10021,HD,61440,3
10022,HD,77824,3
10023,HD,88064,3
10024,HD,98304,3
10025,HD,55296,3
10026,HD,90112,3
10027,HD,67584,3
10028,HD,92160,3
10029,HD,75776,3
10030,HD,75776,4
10031,HD,88064,4
10032,HD,88064,4
10033,HD,65536,4
10034,HD,67584,4
10035,HD,90112,4
10036,HD,96256,4
10037,HD,71680,4
10038,HD,86016,4
10039,HD,75776,4
10040,HD,88064,5
10041,HD,86016,5
10042,HD,69632,5
10043,HD,92160,5
10044,HD,92160,5
10045,HD,94208,5
10046,HD,73728,5
10047,HD,92160,5
10048,HD,75776,5
10049,HD,77824,5
11000,HD,88064,1
11001,HD,40960,1
11002,HD,90112,1
11003,HD,100352,1
11004,HD,86016,1
11005,HD,67584,1
11006,HD,79872,1
11007,HD,92160,1
11008,HD,65536,1
11009,HD,59392,1
11010,HD,86016,2
11011,HD,61440,2
11012,HD,61440,2
11013,HD,77824,2
11014,HD,90112,2
11015,HD,88064,2
11016,HD,86016,2
11017,HD,65536,2
11018,HD,61440,2
11019,HD,86016,2
11020,HD,59392,3
11021,HD,65536,3
11022,HD,88064,3
11023,HD,79872,3
11024,HD,77824,3
11025,HD,65536,3
11026,HD,79872,3
11027,HD,73728,3
11028,HD,71680,3
11029,HD,77824,3
11030,HD,69632,4
11031,HD,83968,4
11032,HD,79872,4
11033,HD,79872,4
11034,HD,86016,4
11035,HD,77824,4
11036,HD,59392,4
11037,HD,92160,4
11038,HD,75776,4
11039,HD,63488,4
11040,HD,102400,5
11041,HD,57344,5
11042,HD,75776,5
11043,HD,57344,5
11044,HD,81920,5
11045,HD,43008,5
11046,HD,71680,5
11047,HD,94208,5
11048,HD,67584,5
11049,HD,88064,5
12000,HD,79872,1
12001,HD,77824,1
12002,HD,86016,1
12003,HD,75776,1
12004,HD,81920,1
12005,HD,88064,1
12006,HD,77824,1
12007,HD,75776,1
12008,HD,65536,1
12009,HD,120832,1
12010,HD,77824,2
12011,HD,69632,2
12012,HD,67584,2
12013,HD,71680,2
12014,HD,96256,2
12015,HD,75776,2
12016,HD,32768,2
12017,HD,75776,2
12018,HD,79872,2
12019,HD,73728,2
12020,HD,61440,3
12021,HD,88064,3
12022,HD,73728,3
12023,HD,69632,3
12024,HD,79872,3
12025,HD,71680,3
12026,HD,69632,3
12027,HD,75776,3
12028,HD,77824,3
12029,HD,124928,3
12030,HD,71680,4
12031,HD,71680,4
12032,HD,71680,4
12033,HD,75776,4
12034,HD,90112,4
12035,HD,71680,4
12036,HD,65536,4
12037,HD,69632,4
12038,HD,73728,4
12039,HD,67584,4
12040,HD,67584,5
12041,HD,73728,5
12042,HD,79872,5
12043,HD,73728,5
12044,HD,81920,5
12045,HD,75776,5
12046,HD,90112,5
12047,HD,65536,5
12048,HD,75776,5
12049,HD,73728,5
13000,HD,69632,1
13001,HD,83968,1
13002,HD,77824,1
13003,HD,81920,1
13004,HD,67584,1
13005,HD,92160,1
13006,HD,57344,1
13007,HD,55296,1
13008,HD,59392,1
13009,HD,92160,1
13010,HD,94208,2
13011,HD,71680,2
13012,HD,63488,2
13013,HD,86016,2
13014,HD,71680,2
13015,HD,79872,2
13016,HD,88064,2
13017,HD,73728,2
13018,HD,81920,2
13019,HD,77824,2
13020,HD,73728,3
13021,HD,83968,3
13022,HD,67584,3
13023,HD,83968,3
13024,HD,55296,3
13025,HD,81920,3
13026,HD,63488,3
13027,HD,83968,3
13028,HD,67584,3
13029,HD,75776,3
13030,HD,73728,4
13031,HD,67584,4
13032,HD,88064,4
13033,HD,67584,4
13034,HD,81920,4
13035,HD,79872,4
13036,HD,90112,4
13037,HD,96256,4
13038,HD,51200,4
13039,HD,92160,4
13040,HD,88064,5
13041,HD,69632,5
13042,HD,81920,5
13043,HD,96256,5
13044,HD,63488,5
13045,HD,77824,5
13046,HD,86016,5
13047,HD,75776,5
13048,HD,57344,5
13049,HD,69632,5
14000,HD,88064,1
14001,HD,92160,1
14002,HD,83968,1
14003,HD,81920,1
14004,HD,63488,1
14005,HD,79872,1
14006,HD,61440,1
14007,HD,77824,1
14008,HD,79872,1
14009,HD,63488,1
14010,HD,53248,2
14011,HD,59392,2
14012,HD,75776,2
14013,HD,73728,2
14014,HD,83968,2
14015,HD,65536,2
14016,HD,34816,2
14017,HD,65536,2
14018,HD,53248,2
14019,HD,65536,2
14020,HD,75776,3
14021,HD,43008,3
14022,HD,55296,3
14023,HD,75776,3
14024,HD,63488,3
14025,HD,45056,3
14026,HD,59392,3
14027,HD,83968,3
14028,HD,69632,3
14029,HD,73728,3
14030,HD,86016,4
14031,HD,51200,4
14032,HD,59392,4
14033,HD,79872,4
14034,HD,77824,4
14035,HD,69632,4
14036,HD,57344,4
14037,HD,51200,4
14038,HD,65536,4
14039,HD,65536,4
14040,HD,73728,5
14041,HD,83968,5
14042,HD,65536,5
14043,HD,75776,5
14044,HD,77824,5
14045,HD,90112,5
14046,HD,69632,5
14047,HD,81920,5
14048,HD,59392,5
14049,HD,57344,5
15000,HD,81920,1
15001,HD,67584,1
15002,HD,88064,1
15003,HD,73728,1
15004,HD,69632,1
15005,HD,61440,1
15006,HD,73728,1
15007,HD,83968,1
15008,HD,83968,1
15009,HD,71680,1
15010,HD,71680,2
15011,HD,77824,2
15012,HD,73728,2
15013,HD,63488,2
15014,HD,63488,2
15015,HD,75776,2
15016,HD,63488,2
15017,HD,71680,2
15018,HD,69632,2
15019,HD,77824,2
15020,HD,71680,3
15021,HD,71680,3
15022,HD,61440,3
15023,HD,67584,3
15024,HD,73728,3
15025,HD,69632,3
15026,HD,79872,3
15027,HD,81920,3
15028,HD,90112,3
15029,HD,67584,3
15030,HD,59392,4
15031,HD,69632,4
15032,HD,67584,4
15033,HD,71680,4
15034,HD,71680,4
15035,HD,73728,4
15036,HD,61440,4
15037,HD,71680,4
15038,HD,65536,4
15039,HD,75776,4
15040,HD,83968,5
15041,HD,71680,5
15042,HD,69632,5
15043,HD,94208,5
15044,HD,65536,5
15045,HD,75776,5
15046,HD,67584,5
15047,HD,69632,5
15048,HD,81920,5
15049,HD,69632,5
16000,HD,59392,1
16001,HD,69632,1
16002,HD,83968,1
16003,HD,75776,1
16004,HD,83968,1
16005,HD,65536,1
16006,HD,63488,1
16007,HD,83968,1
16008,HD,71680,1
16009,HD,73728,1
16010,HD,75776,2
16011,HD,79872,2
16012,HD,63488,2
16013,HD,55296,2
16014,HD,65536,2
16015,HD,65536,2
16016,HD,73728,2
16017,HD,63488,2
16018,HD,69632,2
16019,HD,90112,2
16020,HD,77824,3
16021,HD,90112,3
16022,HD,88064,3
16023,HD,77824,3
16024,HD,51200,3
16025,HD,73728,3
16026,HD,71680,3
16027,HD,61440,3
16028,HD,92160,3
16029,HD,73728,3
16030,HD,67584,4
16031,HD,73728,4
16032,HD,73728,4
16033,HD,73728,4
16034,HD,69632,4
16035,HD,81920,4
16036,HD,90112,4
16037,HD,67584,4
16038,HD,71680,4
16039,HD,86016,4
16040,HD,65536,5
16041,HD,63488,5
16042,HD,94208,5
16043,HD,61440,5
16044,HD,92160,5
16045,HD,92160,5
16046,HD,81920,5
16047,HD,71680,5
16048,HD,75776,5
16049,HD,98304,5
17000,HD,92160,1
17001,HD,81920,1
17002,HD,102400,1
17003,HD,53248,1
17004,HD,73728,1
17005,HD,73728,1
17006,HD,69632,1
17007,HD,81920,1
17008,HD,47104,1
17009,HD,73728,1
17010,HD,63488,2
17011,HD,57344,2
17012,HD,47104,2
17013,HD,45056,2
17014,HD,49152,2
17015,HD,75776,2
17016,HD,71680,2
17017,HD,59392,2
17018,HD,55296,2
17019,HD,63488,2
17020,HD,67584,3
17021,HD,73728,3
17022,HD,53248,3
17023,HD,69632,3
17024,HD,51200,3
17025,HD,65536,3
17026,HD,81920,3
17027,HD,55296,3
17028,HD,53248,3
17029,HD,69632,3
17030,HD,67584,4
17031,HD,59392,4
17032,HD,63488,4
17033,HD,57344,4
17034,HD,47104,4
17035,HD,98304,4
17036,HD,81920,4
17037,HD,63488,4
17038,HD,63488,4
17039,HD,81920,4
17040,HD,61440,5
17041,HD,75776,5
17042,HD,71680,5
17043,HD,61440,5
17044,HD,63488,5
17045,HD,90112,5
17046,HD,81920,5
17047,HD,69632,5
17048,HD,69632,5
17049,HD,104448,5
18000,HH,81920,1
18001,HH,75776,1
18002,HH,83968,1
18003,HH,63488,1
18004,HH,69632,1
18005,HH,79872,1
18006,HH,79872,1
18007,HH,75776,1
18008,HH,73728,1
18009,HH,81920,1
18010,HH,83968,2
18011,HH,77824,2
18012,HH,67584,2
18013,HH,75776,2
18014,HH,98304,2
18015,HH,71680,2
18016,HH,69632,2
18017,HH,69632,2
18018,HH,94208,2
18019,HH,77824,2
18020,HH,73728,3
18021,HH,65536,3
18022,HH,73728,3
18023,HH,75776,3
18024,HH,86016,3
18025,HH,73728,3
18026,HH,79872,3
18027,HH,86016,3
18028,HH,73728,3
18029,HH,65536,3
18030,HH,63488,4
18031,HH,71680,4
18032,HH,69632,4
18033,HH,90112,4
18034,HH,61440,4
18035,HH,67584,4
18036,HH,75776,4
18037,HH,81920,4
18038,HH,94208,4
18039,HH,81920,4
18040,HH,77824,5
18041,HH,75776,5
18042,HH,79872,5
18043,HH,83968,5
18044,HH,83968,5
18045,HH,57344,5
18046,HH,88064,5
18047,HH,94208,5
18048,HH,57344,5
18049,HH,86016,5
19000,HH,69632,1
19001,HH,73728,1
19002,HH,79872,1
19003,HH,71680,1
19004,HH,71680,1
19005,HH,86016,1
19006,HH,75776,1
19007,HH,86016,1
19008,HH,77824,1
19009,HH,73728,1
19010,HH,106496,2
19011,HH,114688,2
19012,HH,75776,2
19013,HH,79872,2
19014,HH,79872,2
19015,HH,86016,2
19016,HH,79872,2
19017,HH,69632,2
19018,HH,69632,2
19019,HH,61440,2
19020,HH,59392,3
19021,HH,86016,3
19022,HH,81920,3
19023,HH,61440,3
19024,HH,59392,3
19025,HH,65536,3
19026,HH,55296,3
19027,HH,61440,3
19028,HH,53248,3
19029,HH,45056,3
19030,HH,73728,4
19031,HH,65536,4
19032,HH,75776,4
19033,HH,69632,4
19034,HH,79872,4
19035,HH,77824,4
19036,HH,67584,4
19037,HH,83968,4
19038,HH,57344,4
19039,HH,59392,4
19040,HH,73728,5
19041,HH,53248,5
19042,HH,67584,5
19043,HH,71680,5
19044,HH,77824,5
19045,HH,86016,5
19046,HH,73728,5
19047,HH,75776,5
19048,HH,73728,5
19049,HH,71680,5
20000,HH,57344,1
20001,HH,63488,1
20002,HH,67584,1
20003,HH,94208,1
20004,HH,83968,1
20005,HH,40960,1
20006,HH,67584,1
20007,HH,69632,1
20008,HH,79872,1
20009,HH,83968,1
20010,HH,65536,2
20011,HH,36864,2
20012,HH,73728,2
20013,HH,90112,2
20014,HH,69632,2
20015,HH,79872,2
20016,HH,73728,2
20017,HH,45056,2
20018,HH,45056,2
20019,HH,43008,2
20020,HH,79872,3
20021,HH,75776,3
20022,HH,86016,3
20023,HH,88064,3
20024,HH,88064,3
20025,HH,79872,3
20026,HH,73728,3
20027,HH,71680,3
20028,HH,81920,3
20029,HH,75776,3
20030,HH,81920,4
20031,HH,79872,4
20032,HH,53248,4
20033,HH,75776,4
20034,HH,65536,4
20035,HH,65536,4
20036,HH,43008,4
20037,HH,45056,4
20038,HH,65536,4
20039,HH,94208,4
20040,HH,75776,5
20041,HH,69632,5
20042,HH,81920,5
20043,HH,83968,5
20044,HH,71680,5
20045,HH,49152,5
20046,HH,71680,5
20047,HH,61440,5
20048,HH,77824,5
20049,HH,45056,5
21000,HH,71680,1
21001,HH,69632,1
21002,HH,75776,1
21003,HH,61440,1
21004,HH,75776,1
21005,HH,63488,1
21006,HH,67584,1
21007,HH,81920,1
21008,HH,77824,1
21009,HH,65536,1
21010,HH,81920,2
21011,HH,96256,2
21012,HH,71680,2
21013,HH,83968,2
21014,HH,77824,2
21015,HH,77824,2
21016,HH,86016,2
21017,HH,81920,2
21018,HH,94208,2
21019,HH,94208,2
21020,HH,75776,3
21021,HH,88064,3
21022,HH,71680,3
21023,HH,86016,3
21024,HH,79872,3
21025,HH,67584,3
21026,HH,83968,3
21027,HH,75776,3
21028,HH,98304,3
21029,HH,79872,3
21030,HH,73728,4
21031,HH,71680,4
21032,HH,69632,4
21033,HH,86016,4
21034,HH,77824,4
21035,HH,75776,4
21036,HH,86016,4
21037,HH,83968,4
21038,HH,81920,4
21039,HH,67584,4
21040,HH,77824,5
21041,HH,73728,5
21042,HH,69632,5
21043,HH,69632,5
21044,HH,77824,5
21045,HH,92160,5
21046,HH,94208,5
21047,HH,90112,5
21048,HH,73728,5
21049,HH,81920,5
22000,HH,65536,1
22001,HH,79872,1
22002,HH,81920,1
22003,HH,71680,1
22004,HH,71680,1
22005,HH,77824,1
22006,HH,65536,1
22007,HH,71680,1
22008,HH,79872,1
22009,HH,47104,1
22010,HH,40960,2
22011,HH,79872,2
22012,HH,77824,2
22013,HH,71680,2
22014,HH,65536,2
22015,HH,67584,2
22016,HH,90112,2
22017,HH,96256,2
22018,HH,75776,2
22019,HH,75776,2
22020,HH,98304,3
22021,HH,77824,3
22022,HH,75776,3
22023,HH,81920,3
22024,HH,88064,3
22025,HH,104448,3
22026,HH,77824,3
22027,HH,98304,3
22028,HH,79872,3
22029,HH,65536,3
22030,HH,79872,4
22031,HH,57344,4
22032,HH,65536,4
22033,HH,83968,4
22034,HH,65536,4
22035,HH,73728,4
22036,HH,75776,4
22037,HH,63488,4
22038,HH,81920,4
22039,HH,81920,4
22040,HH,73728,5
22041,HH,98304,5
22042,HH,65536,5
22043,HH,73728,5
22044,HH,86016,5
22045,HH,86016,5
22046,HH,86016,5
22047,HH,71680,5
22048,HH,59392,5
22049,HH,83968,5
23000,HH,79872,1
23001,HH,57344,1
23002,HH,38912,1
23003,HH,90112,1
23004,HH,67584,1
23005,HH,55296,1
23006,HH,65536,1
23007,HH,67584,1
23008,HH,71680,1
23009,HH,75776,1
23010,HH,79872,2
23011,HH,47104,2
23012,HH,77824,2
23013,HH,51200,2
23014,HH,88064,2
23015,HH,77824,2
23016,HH,83968,2
23017,HH,45056,2
23018,HH,63488,2
23019,HH,47104,2
23020,HH,45056,3
23021,HH,57344,3
23022,HH,57344,3
23023,HH,45056,3
23024,HH,38912,3
23025,HH,47104,3
23026,HH,61440,3
23027,HH,49152,3
23028,HH,26624,3
23029,HH,57344,3
23030,HH,49152,4
23031,HH,40960,4
23032,HH,38912,4
23033,HH,40960,4
23034,HH,49152,4
23035,HH,94208,4
23036,HH,69632,4
23037,HH,75776,4
23038,HH,65536,4
23039,HH,79872,4
23040,HH,83968,5
23041,HH,81920,5
23042,HH,75776,5
23043,HH,79872,5
23044,HH,98304,5
23045,HH,53248,5
23046,HH,69632,5
23047,HH,83968,5
23048,HH,83968,5
23049,HH,77824,5
24000,HH,55296,nu
24001,HH,61440,nu
24002,HH,81920,nu
24003,HH,79872,nu
24004,HH,53248,nu
24005,HH,96256,nu
24006,HH,77824,nu
24007,HH,96256,nu
24008,HH,79872,nu
24009,HH,63488,nu
24010,HH,67584,nu
24011,HH,79872,nu
24012,HH,75776,nu
24013,HH,71680,nu
24014,HH,63488,nu
24015,HH,79872,nu
24016,HH,86016,nu
24017,HH,59392,nu
24018,HH,104448,nu
24019,HH,65536,nu
24020,HH,61440,nu
24021,HH,79872,nu
24022,HH,96256,nu
24023,HH,86016,nu
24024,HH,81920,nu
24025,HH,73728,nu
24026,HH,73728,nu
24027,HH,57344,nu
24028,HH,90112,nu
24029,HH,53248,nu
24030,HH,63488,nu
24031,HH,92160,nu
24032,HH,73728,nu
24033,HH,73728,nu
24034,HH,81920,nu
24035,HH,67584,nu
24036,HH,79872,nu
24037,HH,61440,nu
24038,HH,57344,nu
24039,HH,69632,nu
24040,HH,57344,nu
24041,HH,65536,nu
24042,HH,86016,nu
24043,HH,67584,nu
24044,HH,61440,nu
24045,HH,59392,nu
24046,HH,59392,nu
24047,HH,55296,nu
24048,HH,43008,nu
24049,HH,40960,nu
25000,HH,53248,nu
25001,HH,129024,nu
25002,HH,73728,nu
25003,HH,83968,nu
25004,HH,45056,nu
25005,HH,67584,nu
25006,HH,67584,nu
25007,HH,65536,nu
25008,HH,63488,nu
25009,HH,43008,nu
25010,HH,73728,nu
25011,HH,73728,nu
25012,HH,65536,nu
25013,HH,53248,nu
25014,HH,81920,nu
25015,HH,43008,nu
25016,HH,51200,nu
25017,HH,61440,nu
25018,HH,69632,nu
25019,HH,92160,nu
25020,HH,75776,nu
25021,HH,61440,nu
25022,HH,43008,nu
25023,HH,55296,nu
25024,HH,77824,nu
25025,HH,79872,nu
25026,HH,69632,nu
25027,HH,47104,nu
25028,HH,63488,nu
25029,HH,65536,nu
25030,HH,53248,nu
25031,HH,53248,nu
25032,HH,71680,nu
25033,HH,71680,nu
25034,HH,49152,nu
25035,HH,61440,nu
25036,HH,57344,nu
25037,HH,77824,nu
25038,HH,94208,nu
25039,HH,79872,nu
25040,HH,40960,nu
25041,HH,75776,nu
25042,HH,57344,nu
25043,HH,75776,nu
25044,HH,77824,nu
25045,HH,77824,nu
25046,HH,59392,nu
25047,HH,75776,nu
25048,HH,67584,nu
25049,HH,75776,nu
26000,HH,55296,nu
26001,HH,53248,nu
26002,HH,49152,nu
26003,HH,53248,nu
26004,HH,59392,nu
26005,HH,47104,nu
26006,HH,71680,nu
26007,HH,71680,nu
26008,HH,81920,nu
26009,HH,65536,nu
26010,HH,69632,nu
26011,HH,55296,nu
26012,HH,71680,nu
26013,HH,71680,nu
26014,HH,71680,nu
26015,HH,81920,nu
26016,HH,81920,nu
26017,HH,75776,nu
26018,HH,69632,nu
26019,HH,65536,nu
26020,HH,98304,nu
26021,HH,83968,nu
26022,HH,67584,nu
26023,HH,53248,nu
26024,HH,106496,nu
26025,HH,81920,nu
26026,HH,65536,nu
26027,HH,69632,nu
26028,HH,100352,nu
26029,HH,61440,nu
26030,HH,57344,nu
26031,HH,81920,nu
26032,HH,71680,nu
26033,HH,61440,nu
26034,HH,75776,nu
26035,HH,51200,nu
26036,HH,81920,nu
26037,HH,81920,nu
26038,HH,71680,nu
26039,HH,73728,nu
26040,HH,79872,nu
26041,HH,69632,nu
26042,HH,100352,nu
26043,HH,83968,nu
26044,HH,71680,nu
26045,HH,71680,nu
26046,HH,88064,nu
26047,HH,71680,nu
26048,HH,81920,nu
26049,HH,55296,nu
27000,CD,59392,1
27001,CD,61440,1
27002,CD,69632,1
27003,CD,57344,1
27004,CD,57344,1
27005,CD,51200,1
27006,CD,53248,1
27007,CD,79872,1
27008,CD,59392,1
27009,CD,61440,1
27010,CD,57344,2
27011,CD,59392,2
27012,CD,61440,2
27013,CD,57344,2
27014,CD,61440,2
27015,CD,75776,2
27016,CD,67584,2
27017,CD,67584,2
27018,CD,57344,2
27019,CD,69632,2
27020,CD,75776,3
27021,CD,67584,3
27022,CD,69632,3
27023,CD,69632,3
27024,CD,71680,3
27025,CD,79872,3
27026,CD,53248,3
27027,CD,73728,3
27028,CD,57344,3
27029,CD,65536,3
27030,CD,59392,4
27031,CD,67584,4
27032,CD,61440,4
27033,CD,69632,4
27034,CD,73728,4
27035,CD,57344,4
27036,CD,67584,4
27037,CD,57344,4
27038,CD,61440,4
27039,CD,59392,4
27040,CD,79872,5
27041,CD,67584,5
27042,CD,59392,5
27043,CD,63488,5
27044,CD,73728,5
27045,CD,67584,5
27046,CD,69632,5
27047,CD,67584,5
27048,CD,63488,5
27049,CD,65536,5
28000,CD,59392,1
28001,CD,65536,1
28002,CD,71680,1
28003,CD,63488,1
28004,CD,69632,1
28005,CD,67584,1
28006,CD,67584,1
28007,CD,65536,1
28008,CD,67584,1
28009,CD,71680,1
28010,CD,77824,2
28011,CD,67584,2
28012,CD,59392,2
28013,CD,63488,2
28014,CD,63488,2
28015,CD,73728,2
28016,CD,67584,2
28017,CD,86016,2
28018,CD,75776,2
28019,CD,65536,2
28020,CD,57344,3
28021,CD,67584,3
28022,CD,61440,3
28023,CD,67584,3
28024,CD,69632,3
28025,CD,79872,3
28026,CD,67584,3
28027,CD,65536,3
28028,CD,65536,3
28029,CD,65536,3
28030,CD,57344,4
28031,CD,53248,4
28032,CD,65536,4
28033,CD,71680,4
28034,CD,71680,4
28035,CD,67584,4
28036,CD,67584,4
28037,CD,51200,4
28038,CD,67584,4
28039,CD,59392,4
28040,CD,73728,5
28041,CD,71680,5
28042,CD,67584,5
28043,CD,63488,5
28044,CD,65536,5
28045,CD,63488,5
28046,CD,65536,5
28047,CD,69632,5
28048,CD,69632,5
28049,CD,63488,5
29000,CD,61440,1
29001,CD,57344,1
29002,CD,53248,1
29003,CD,67584,1
29004,CD,28672,1
29005,CD,59392,1
29006,CD,65536,1
29007,CD,65536,1
29008,CD,65536,1
29009,CD,71680,1
29010,CD,71680,2
29011,CD,71680,2
29012,CD,65536,2
29013,CD,65536,2
29014,CD,61440,2
29015,CD,59392,2
29016,CD,61440,2
29017,CD,65536,2
29018,CD,73728,2
29019,CD,67584,2
29020,CD,65536,3
29021,CD,69632,3
29022,CD,65536,3
29023,CD,71680,3
29024,CD,69632,3
29025,CD,69632,3
29026,CD,65536,3
29027,CD,73728,3
29028,CD,61440,3
29029,CD,57344,3
29030,CD,73728,4
29031,CD,86016,4
29032,CD,65536,4
29033,CD,63488,4
29034,CD,69632,4
29035,CD,73728,4
29036,CD,77824,4
29037,CD,67584,4
29038,CD,69632,4
29039,CD,67584,4
29040,CD,90112,5
29041,CD,65536,5
29042,CD,65536,5
29043,CD,67584,5
29044,CD,73728,5
29045,CD,124928,5
29046,CD,55296,5
29047,CD,57344,5
29048,CD,49152,5
29049,CD,65536,5
30000,CD,67584,1
30001,CD,77824,1
30002,CD,75776,1
30003,CD,77824,1
30004,CD,75776,1
30005,CD,77824,1
30006,CD,83968,1
30007,CD,63488,1
30008,CD,65536,1
30009,CD,86016,1
30010,CD,77824,2
30011,CD,73728,2
30012,CD,83968,2
30013,CD,90112,2
30014,CD,77824,2
30015,CD,81920,2
30016,CD,77824,2
30017,CD,77824,2
30018,CD,90112,2
30019,CD,92160,2
30020,CD,83968,3
30021,CD,75776,3
30022,CD,77824,3
30023,CD,75776,3
30024,CD,90112,3
30025,CD,92160,3
30026,CD,77824,3
30027,CD,77824,3
30028,CD,94208,3
30029,CD,96256,3
30030,CD,86016,4
30031,CD,79872,4
30032,CD,81920,4
30033,CD,81920,4
30034,CD,81920,4
30035,CD,88064,4
30036,CD,75776,4
30037,CD,75776,4
30038,CD,75776,4
30039,CD,88064,4
30040,CD,81920,5
30041,CD,73728,5
30042,CD,75776,5
30043,CD,73728,5
30044,CD,83968,5
30045,CD,77824,5
30046,CD,81920,5
30047,CD,79872,5
30048,CD,75776,5
30049,CD,63488,5
31000,CD,79872,1
31001,CD,69632,1
31002,CD,73728,1
31003,CD,73728,1
31004,CD,75776,1
31005,CD,94208,1
31006,CD,59392,1
31007,CD,65536,1
31008,CD,69632,1
31009,CD,96256,1
31010,CD,57344,2
31011,CD,77824,2
31012,CD,81920,2
31013,CD,75776,2
31014,CD,65536,2
31015,CD,81920,2
31016,CD,63488,2
31017,CD,67584,2
31018,CD,59392,2
31019,CD,81920,2
31020,CD,65536,3
31021,CD,69632,3
31022,CD,57344,3
31023,CD,63488,3
31024,CD,81920,3
31025,CD,57344,3
31026,CD,69632,3
31027,CD,90112,3
31028,CD,49152,3
31029,CD,49152,3
31030,CD,63488,4
31031,CD,59392,4
31032,CD,57344,4
31033,CD,86016,4
31034,CD,83968,4
31035,CD,67584,4
31036,CD,69632,4
31037,CD,77824,4
31038,CD,69632,4
31039,CD,81920,4
31040,CD,77824,5
31041,CD,77824,5
31042,CD,59392,5
31043,CD,81920,5
31044,CD,79872,5
31045,CD,71680,5
31046,CD,57344,5
31047,CD,69632,5
31048,CD,69632,5
31049,CD,73728,5
32000,CD,73728,1
32001,CD,63488,1
32002,CD,53248,1
32003,CD,59392,1
32004,CD,65536,1
32005,CD,59392,1
32006,CD,81920,1
32007,CD,61440,1
32008,CD,79872,1
32009,CD,67584,1
32010,CD,69632,2
32011,CD,55296,2
32012,CD,57344,2
32013,CD,75776,2
32014,CD,67584,2
32015,CD,67584,2
32016,CD,77824,2
32017,CD,71680,2
32018,CD,75776,2
32019,CD,73728,2
32020,CD,81920,3
32021,CD,69632,3
32022,CD,79872,3
32023,CD,79872,3
32024,CD,61440,3
32025,CD,86016,3
32026,CD,55296,3
32027,CD,67584,3
32028,CD,94208,3
32029,CD,86016,3
32030,CD,73728,4
32031,CD,77824,4
32032,CD,77824,4
32033,CD,73728,4
32034,CD,77824,4
32035,CD,77824,4
32036,CD,92160,4
32037,CD,49152,4
32038,CD,77824,4
32039,CD,73728,4
32040,CD,77824,5
32041,CD,61440,5
32042,CD,69632,5
32043,CD,65536,5
32044,CD,75776,5
32045,CD,75776,5
32046,CD,65536,5
32047,CD,45056,5
32048,CD,69632,5
32049,CD,69632,5
33000,CD,71680,1
33001,CD,67584,1
33002,CD,49152,1
33003,CD,53248,1
33004,CD,77824,1
33005,CD,67584,1
33006,CD,69632,1
33007,CD,65536,1
33008,CD,69632,1
33009,CD,69632,1
33010,CD,73728,2
33011,CD,79872,2
33012,CD,63488,2
33013,CD,71680,2
33014,CD,71680,2
33015,CD,67584,2
33016,CD,69632,2
33017,CD,67584,2
33018,CD,69632,2
33019,CD,71680,2
33020,CD,61440,3
33021,CD,67584,3
33022,CD,61440,3
33023,CD,49152,3
33024,CD,67584,3
33025,CD,47104,3
33026,CD,71680,3
33027,CD,69632,3
33028,CD,75776,3
33029,CD,71680,3
33030,CD,67584,4
33031,CD,53248,4
33032,CD,61440,4
33033,CD,59392,4
33034,CD,65536,4
33035,CD,69632,4
33036,CD,69632,4
33037,CD,59392,4
33038,CD,69632,4
33039,CD,53248,4
33040,CD,73728,5
33041,CD,69632,5
33042,CD,71680,5
33043,CD,67584,5
33044,CD,53248,5
33045,CD,71680,5
33046,CD,73728,5
33047,CD,71680,5
33048,CD,71680,5
33049,CD,73728,5
34000,CD,73728,1
34001,CD,51200,1
34002,CD,71680,1
34003,CD,67584,1
34004,CD,43008,1
34005,CD,57344,1
34006,CD,67584,1
34007,CD,79872,1
34008,CD,75776,1
34009,CD,65536,1
34010,CD,67584,2
34011,CD,73728,2
34012,CD,67584,2
34013,CD,73728,2
34014,CD,69632,2
34015,CD,73728,2
34016,CD,83968,2
34017,CD,59392,2
34018,CD,69632,2
34019,CD,71680,2
34020,CD,45056,3
34021,CD,51200,3
34022,CD,43008,3
34023,CD,71680,3
34024,CD,67584,3
34025,CD,75776,3
34026,CD,67584,3
34027,CD,59392,3
34028,CD,69632,3
34029,CD,69632,3
34030,CD,61440,4
34031,CD,59392,4
34032,CD,71680,4
34033,CD,53248,4
34034,CD,69632,4
34035,CD,40960,4
34036,CD,69632,4
34037,CD,47104,4
34038,CD,73728,4
34039,CD,32768,4
34040,CD,55296,5
34041,CD,71680,5
34042,CD,71680,5
34043,CD,75776,5
34044,CD,61440,5
34045,CD,65536,5
34046,CD,61440,5
34047,CD,73728,5
34048,CD,71680,5
34049,CD,69632,5
35000,CD,75776,1
35001,CD,69632,1
35002,CD,81920,1
35003,CD,67584,1
35004,CD,71680,1
35005,CD,73728,1
35006,CD,75776,1
35007,CD,69632,1
35008,CD,73728,1
35009,CD,49152,1
35010,CD,73728,2
35011,CD,65536,2
35012,CD,69632,2
35013,CD,71680,2
35014,CD,71680,2
35015,CD,73728,2
35016,CD,59392,2
35017,CD,63488,2
35018,CD,65536,2
35019,CD,55296,2
35020,CD,75776,3
35021,CD,69632,3
35022,CD,65536,3
35023,CD,71680,3
35024,CD,69632,3
35025,CD,69632,3
35026,CD,47104,3
35027,CD,47104,3
35028,CD,65536,3
35029,CD,69632,3
35030,CD,69632,4
35031,CD,77824,4
35032,CD,65536,4
35033,CD,51200,4
35034,CD,55296,4
35035,CD,73728,4
35036,CD,71680,4
35037,CD,61440,4
35038,CD,73728,4
35039,CD,55296,4
35040,CD,67584,5
35041,CD,77824,5
35042,CD,73728,5
35043,CD,69632,5
35044,CD,67584,5
35045,CD,83968,5
35046,CD,69632,5
35047,CD,73728,5
35048,CD,73728,5
35049,CD,77824,5
36000,VC,61440,1
36001,VC,81920,1
36002,VC,81920,1
36003,VC,61440,1
36004,VC,40960,1
36005,VC,40960,1
36006,VC,40960,1
36007,VC,61440,1
36008,VC,61440,1
36009,VC,81920,1
36010,VC,81920,2
36011,VC,61440,2
36012,VC,81920,2
36013,VC,40960,2
36014,VC,51200,2
36015,VC,61440,2
36016,VC,81920,2
36017,VC,61440,2
36018,VC,61440,2
36019,VC,61440,2
36020,VC,61440,3
36021,VC,61440,3
36022,VC,71680,3
36023,VC,71680,3
36024,VC,40960,3
36025,VC,81920,3
36026,VC,81920,3
36027,VC,61440,3
36028,VC,40960,3
36029,VC,61440,3
36030,VC,61440,4
36031,VC,61440,4
36032,VC,61440,4
36033,VC,61440,4
36034,VC,92160,4
36035,VC,61440,4
36036,VC,51200,4
36037,VC,81920,4
36038,VC,61440,4
36039,VC,81920,4
36040,VC,81920,5
36041,VC,81920,5
36042,VC,61440,5
36043,VC,61440,5
36044,VC,81920,5
36045,VC,71680,5
36046,VC,61440,5
36047,VC,67584,5
36048,VC,51200,5
36049,VC,61440,5
37000,VC,61440,1
37001,VC,61440,1
37002,VC,61440,1
37003,VC,61440,1
37004,VC,71680,1
37005,VC,71680,1
37006,VC,61440,1
37007,VC,61440,1
37008,VC,61440,1
37009,VC,81920,1
37010,VC,71680,2
37011,VC,61440,2
37012,VC,81920,2
37013,VC,61440,2
37014,VC,61440,2
37015,VC,71680,2
37016,VC,71680,2
37017,VC,71680,2
37018,VC,67584,2
37019,VC,59392,2
37020,VC,67584,3
37021,VC,61440,3
37022,VC,71680,3
37023,VC,61440,3
37024,VC,69632,3
37025,VC,61440,3
37026,VC,81920,3
37027,VC,81920,3
37028,VC,61440,3
37029,VC,61440,3
37030,VC,71680,4
37031,VC,71680,4
37032,VC,61440,4
37033,VC,92160,4
37034,VC,81920,4
37035,VC,81920,4
37036,VC,81920,4
37037,VC,81920,4
37038,VC,71680,4
37039,VC,61440,4
37040,VC,81920,5
37041,VC,71680,5
37042,VC,81920,5
37043,VC,61440,5
37044,VC,67584,5
37045,VC,81920,5
37046,VC,61440,5
37047,VC,81920,5
37048,VC,40960,5
37049,VC,81920,5
38000,VC,81920,1
38001,VC,65536,1
38002,VC,61440,1
38003,VC,61440,1
38004,VC,63488,1
38005,VC,73728,1
38006,VC,69632,1
38007,VC,63488,1
38008,VC,67584,1
38009,VC,59392,1
38010,VC,81920,2
38011,VC,61440,2
38012,VC,61440,2
38013,VC,83968,2
38014,VC,73728,2
38015,VC,61440,2
38016,VC,61440,2
38017,VC,61440,2
38018,VC,61440,2
38019,VC,40960,2
38020,VC,61440,3
38021,VC,61440,3
38022,VC,61440,3
38023,VC,61440,3
38024,VC,81920,3
38025,VC,61440,3
38026,VC,61440,3
38027,VC,51200,3
38028,VC,51200,3
38029,VC,71680,3
38030,VC,71680,4
38031,VC,81920,4
38032,VC,81920,4
38033,VC,81920,4
38034,VC,81920,4
38035,VC,81920,4
38036,VC,61440,4
38037,VC,61440,4
38038,VC,61440,4
38039,VC,61440,4
38040,VC,61440,5
38041,VC,69632,5
38042,VC,81920,5
38043,VC,81920,5
38044,VC,81920,5
38045,VC,81920,5
38046,VC,81920,5
38047,VC,81920,5
38048,VC,81920,5
38049,VC,81920,5
39000,HH,53248,nu
39001,HH,61440,nu
39002,HH,55296,nu
39003,HH,71680,nu
39004,HH,49152,nu
39005,HH,45056,nu
39006,HH,49152,nu
39007,HH,45056,nu
39008,HH,55296,nu
39009,HH,47104,nu
39010,HH,55296,nu
39011,HH,86016,nu
39012,HH,53248,nu
39013,HH,61440,nu
39014,HH,38912,nu
39015,HH,34816,nu
39016,HH,45056,nu
39017,HH,47104,nu
39018,HH,51200,nu
39019,HH,45056,nu
39020,HH,38912,nu
39021,HH,61440,nu
39022,HH,30720,nu
39023,HH,32768,nu
39024,HH,43008,nu
39025,HH,45056,nu
39026,HH,30720,nu
39027,HH,55296,nu
39028,HH,51200,nu
39029,HH,45056,nu
39030,HH,28672,nu
39031,HH,47104,nu
39032,HH,63488,nu
39033,HH,83968,nu
39034,HH,45056,nu
39035,HH,49152,nu
39036,HH,47104,nu
39037,HH,49152,nu
39038,HH,47104,nu
39039,HH,47104,nu
39040,HH,32768,nu
39041,HH,61440,nu
39042,HH,47104,nu
39043,HH,49152,nu
39044,HH,59392,nu
39045,HH,59392,nu
39046,HH,67584,nu
39047,HH,57344,nu
39048,HH,40960,nu
39049,HH,51200,nu
40000,HH,65536,nu
40001,HH,63488,nu
40002,HH,71680,nu
40003,HH,61440,nu
40004,HH,69632,nu
40005,HH,71680,nu
40006,HH,88064,nu
40007,HH,51200,nu
40008,HH,59392,nu
40009,HH,63488,nu
40010,HH,65536,nu
40011,HH,69632,nu
40012,HH,75776,nu
40013,HH,49152,nu
40014,HH,73728,nu
40015,HH,73728,nu
40016,HH,61440,nu
40017,HH,59392,nu
40018,HH,71680,nu
40019,HH,73728,nu
40020,HH,71680,nu
40021,HH,65536,nu
40022,HH,45056,nu
40023,HH,61440,nu
40024,HH,61440,nu
40025,HH,65536,nu
40026,HH,53248,nu
40027,HH,51200,nu
40028,HH,73728,nu
40029,HH,73728,nu
40030,HH,59392,nu
40031,HH,77824,nu
40032,HH,61440,nu
40033,HH,57344,nu
40034,HH,67584,nu
40035,HH,67584,nu
40036,HH,51200,nu
40037,HH,75776,nu
40038,HH,59392,nu
40039,HH,67584,nu
40040,HH,36864,nu
40041,HH,63488,nu
40042,HH,77824,nu
40043,HH,67584,nu
40044,HH,61440,nu
40045,HH,57344,nu
40046,HH,61440,nu
40047,HH,65536,nu
40048,HH,61440,nu
40049,HH,53248,nu
41000,HH,73728,nu
41001,HH,67584,nu
41002,HH,75776,nu
41003,HH,55296,nu
41004,HH,59392,nu
41005,HH,67584,nu
41006,HH,67584,nu
41007,HH,65536,nu
41008,HH,71680,nu
41009,HH,86016,nu
41010,HH,75776,nu
41011,HH,51200,nu
41012,HH,63488,nu
41013,HH,83968,nu
41014,HH,69632,nu
41015,HH,69632,nu
41016,HH,55296,nu
41017,HH,75776,nu
41018,HH,67584,nu
41019,HH,61440,nu
41020,HH,59392,nu
41021,HH,67584,nu
41022,HH,63488,nu
41023,HH,63488,nu
41024,HH,67584,nu
41025,HH,102400,nu
41026,HH,57344,nu
41027,HH,49152,nu
41028,HH,63488,nu
41029,HH,63488,nu
41030,HH,57344,nu
41031,HH,65536,nu
41032,HH,53248,nu
41033,HH,59392,nu
41034,HH,63488,nu
41035,HH,73728,nu
41036,HH,59392,nu
41037,HH,57344,nu
41038,HH,59392,nu
41039,HH,49152,nu
41040,HH,59392,nu
41041,HH,61440,nu
41042,HH,51200,nu
41043,HH,47104,nu
41044,HH,59392,nu
41045,HH,63488,nu
41046,HH,63488,nu
41047,HH,65536,nu
41048,HH,61440,nu
41049,HH,67584,nu
42000,HH,79872,nu
42001,HH,53248,nu
42002,HH,61440,nu
42003,HH,65536,nu
42004,HH,63488,nu
42005,HH,55296,nu
42006,HH,55296,nu
42007,HH,55296,nu
42008,HH,65536,nu
42009,HH,53248,nu
42010,HH,61440,nu
42011,HH,61440,nu
42012,HH,61440,nu
42013,HH,63488,nu
42014,HH,65536,nu
42015,HH,67584,nu
42016,HH,59392,nu
42017,HH,69632,nu
42018,HH,65536,nu
42019,HH,57344,nu
42020,HH,69632,nu
42021,HH,49152,nu
42022,HH,59392,nu
42023,HH,55296,nu
42024,HH,49152,nu
42025,HH,51200,nu
42026,HH,79872,nu
42027,HH,57344,nu
42028,HH,53248,nu
42029,HH,47104,nu
42030,HH,61440,nu
42031,HH,65536,nu
42032,HH,51200,nu
42033,HH,61440,nu
42034,HH,57344,nu
42035,HH,61440,nu
42036,HH,63488,nu
42037,HH,65536,nu
42038,HH,51200,nu
42039,HH,73728,nu
42040,HH,67584,nu
42041,HH,55296,nu
42042,HH,59392,nu
42043,HH,49152,nu
42044,HH,55296,nu
42045,HH,55296,nu
42046,HH,63488,nu
42047,HH,65536,nu
42048,HH,65536,nu
42049,HH,51200,nu
43000,HH,61440,nu
43001,HH,38912,nu
43002,HH,47104,nu
43003,HH,38912,nu
43004,HH,61440,nu
43005,HH,32768,nu
43006,HH,34816,nu
43007,HH,49152,nu
43008,HH,45056,nu
43009,HH,45056,nu
43010,HH,57344,nu
43011,HH,38912,nu
43012,HH,32768,nu
43013,HH,53248,nu
43014,HH,32768,nu
43015,HH,65536,nu
43016,HH,40960,nu
43017,HH,47104,nu
43018,HH,49152,nu
43019,HH,47104,nu
43020,HH,43008,nu
43021,HH,40960,nu
43022,HH,45056,nu
43023,HH,45056,nu
43024,HH,47104,nu
43025,HH,47104,nu
43026,HH,69632,nu
43027,HH,40960,nu
43028,HH,45056,nu
43029,HH,38912,nu
43030,HH,34816,nu
43031,HH,63488,nu
43032,HH,100352,nu
43033,HH,69632,nu
43034,HH,38912,nu
43035,HH,53248,nu
43036,HH,53248,nu
43037,HH,90112,nu
43038,HH,47104,nu
43039,HH,45056,nu
43040,HH,59392,nu
43041,HH,49152,nu
43042,HH,49152,nu
43043,HH,59392,nu
43044,HH,30720,nu
43045,HH,38912,nu
43046,HH,40960,nu
43047,HH,75776,nu
43048,HH,55296,nu
43049,HH,69632,nu
44000,HH,40960,nu
44001,HH,53248,nu
44002,HH,61440,nu
44003,HH,63488,nu
44004,HH,65536,nu
44005,HH,59392,nu
44006,HH,57344,nu
44007,HH,75776,nu
44008,HH,71680,nu
44009,HH,83968,nu
44010,HH,51200,nu
44011,HH,65536,nu
44012,HH,67584,nu
44013,HH,51200,nu
44014,HH,69632,nu
44015,HH,57344,nu
44016,HH,53248,nu
44017,HH,61440,nu
44018,HH,81920,nu
44019,HH,98304,nu
44020,HH,59392,nu
44021,HH,49152,nu
44022,HH,57344,nu
44023,HH,53248,nu
44024,HH,67584,nu
44025,HH,90112,nu
44026,HH,65536,nu
44027,HH,59392,nu
44028,HH,57344,nu
44029,HH,65536,nu
44030,HH,69632,nu
44031,HH,65536,nu
44032,HH,63488,nu
44033,HH,57344,nu
44034,HH,79872,nu
44035,HH,55296,nu
44036,HH,51200,nu
44037,HH,57344,nu
44038,HH,67584,nu
44039,HH,59392,nu
44040,HH,63488,nu
44041,HH,86016,nu
44042,HH,67584,nu
44043,HH,53248,nu
44044,HH,63488,nu
44045,HH,104448,nu
44046,HH,61440,nu
44047,HH,47104,nu
44048,HH,88064,nu
44049,HH,49152,nu
45000,HH,77824,nu
45001,HH,53248,nu
45002,HH,47104,nu
45003,HH,47104,nu
45004,HH,53248,nu
45005,HH,61440,nu
45006,HH,63488,nu
45007,HH,63488,nu
45008,HH,49152,nu
45009,HH,47104,nu
45010,HH,45056,nu
45011,HH,40960,nu
45012,HH,47104,nu
45013,HH,30720,nu
45014,HH,51200,nu
45015,HH,51200,nu
45016,HH,32768,nu
45017,HH,45056,nu
45018,HH,49152,nu
45019,HH,51200,nu
45020,HH,40960,nu
45021,HH,59392,nu
45022,HH,51200,nu
45023,HH,53248,nu
45024,HH,57344,nu
45025,HH,38912,nu
45026,HH,49152,nu
45027,HH,55296,nu
45028,HH,30720,nu
45029,HH,59392,nu
45030,HH,61440,nu
45031,HH,49152,nu
45032,HH,40960,nu
45033,HH,79872,nu
45034,HH,43008,nu
45035,HH,49152,nu
45036,HH,45056,nu
45037,HH,43008,nu
45038,HH,45056,nu
45039,HH,26624,nu
45040,HH,43008,nu
45041,HH,43008,nu
45042,HH,45056,nu
45043,HH,65536,nu
45044,HH,53248,nu
45045,HH,36864,nu
45046,HH,40960,nu
45047,HH,55296,nu
45048,HH,69632,nu
45049,HH,53248,nu
46000,HH,45056,nu
46001,HH,61440,nu
46002,HH,45056,nu
46003,HH,47104,nu
46004,HH,53248,nu
46005,HH,49152,nu
46006,HH,40960,nu
46007,HH,40960,nu
46008,HH,53248,nu
46009,HH,49152,nu
46010,HH,53248,nu
46011,HH,59392,nu
46012,HH,43008,nu
46013,HH,53248,nu
46014,HH,57344,nu
46015,HH,45056,nu
46016,HH,51200,nu
46017,HH,51200,nu
46018,HH,51200,nu
46019,HH,57344,nu
46020,HH,55296,nu
46021,HH,55296,nu
46022,HH,47104,nu
46023,HH,45056,nu
46024,HH,47104,nu
46025,HH,40960,nu
46026,HH,59392,nu
46027,HH,49152,nu
46028,HH,45056,nu
46029,HH,49152,nu
46030,HH,30720,nu
46031,HH,47104,nu
46032,HH,40960,nu
46033,HH,55296,nu
46034,HH,49152,nu
46035,HH,47104,nu
46036,HH,47104,nu
46037,HH,45056,nu
46038,HH,53248,nu
46039,HH,57344,nu
46040,HH,61440,nu
46041,HH,47104,nu
46042,HH,49152,nu
46043,HH,55296,nu
46044,HH,47104,nu
46045,HH,49152,nu
46046,HH,49152,nu
46047,HH,38912,nu
46048,HH,51200,nu
46049,HH,34816,nu
47000,HH,51200,nu
47001,HH,45056,nu
47002,HH,61440,nu
47003,HH,47104,nu
47004,HH,49152,nu
47005,HH,51200,nu
47006,HH,61440,nu
47007,HH,53248,nu
47008,HH,53248,nu
47009,HH,63488,nu
47010,HH,51200,nu
47011,HH,55296,nu
47012,HH,57344,nu
47013,HH,61440,nu
47014,HH,51200,nu
47015,HH,81920,nu
47016,HH,67584,nu
47017,HH,45056,nu
47018,HH,49152,nu
47019,HH,47104,nu
47020,HH,59392,nu
47021,HH,55296,nu
47022,HH,57344,nu
47023,HH,47104,nu
47024,HH,55296,nu
47025,HH,59392,nu
47026,HH,40960,nu
47027,HH,47104,nu
47028,HH,57344,nu
47029,HH,53248,nu
47030,HH,34816,nu
47031,HH,45056,nu
47032,HH,51200,nu
47033,HH,49152,nu
47034,HH,65536,nu
47035,HH,51200,nu
47036,HH,49152,nu
47037,HH,49152,nu
47038,HH,47104,nu
47039,HH,47104,nu
47040,HH,51200,nu
47041,HH,63488,nu
47042,HH,53248,nu
47043,HH,59392,nu
47044,HH,63488,nu
47045,HH,55296,nu
47046,HH,61440,nu
47047,HH,63488,nu
47048,HH,59392,nu
47049,HH,53248,nu
48000,HH,69632,nu
48001,HH,63488,nu
48002,HH,59392,nu
48003,HH,57344,nu
48004,HH,59392,nu
48005,HH,65536,nu
48006,HH,61440,nu
48007,HH,59392,nu
48008,HH,55296,nu
48009,HH,38912,nu
48010,HH,55296,nu
48011,HH,53248,nu
48012,HH,59392,nu
48013,HH,69632,nu
48014,HH,55296,nu
48015,HH,57344,nu
48016,HH,63488,nu
48017,HH,65536,nu
48018,HH,53248,nu
48019,HH,47104,nu
48020,HH,51200,nu
48021,HH,51200,nu
48022,HH,61440,nu
48023,HH,51200,nu
48024,HH,69632,nu
48025,HH,43008,nu
48026,HH,65536,nu
48027,HH,59392,nu
48028,HH,57344,nu
48029,HH,67584,nu
48030,HH,63488,nu
48031,HH,81920,nu
48032,HH,73728,nu
48033,HH,67584,nu
48034,HH,73728,nu
48035,HH,67584,nu
48036,HH,61440,nu
48037,HH,81920,nu
48038,HH,40960,nu
48039,HH,81920,nu
48040,HH,75776,nu
48041,HH,77824,nu
48042,HH,59392,nu
48043,HH,65536,nu
48044,HH,53248,nu
48045,HH,63488,nu
48046,HH,63488,nu
48047,HH,65536,nu
48048,HH,57344,nu
48049,HH,67584,nu
49000,HH,40960,nu
49001,HH,45056,nu
49002,HH,67584,nu
49003,HH,34816,nu
49004,HH,47104,nu
49005,HH,53248,nu
49006,HH,47104,nu
49007,HH,55296,nu
49008,HH,55296,nu
49009,HH,69632,nu
49010,HH,51200,nu
49011,HH,69632,nu
49012,HH,57344,nu
49013,HH,51200,nu
49014,HH,49152,nu
49015,HH,43008,nu
49016,HH,59392,nu
49017,HH,45056,nu
49018,HH,53248,nu
49019,HH,94208,nu
49020,HH,43008,nu
49021,HH,51200,nu
49022,HH,24576,nu
49023,HH,38912,nu
49024,HH,40960,nu
49025,HH,61440,nu
49026,HH,51200,nu
49027,HH,38912,nu
49028,HH,55296,nu
49029,HH,59392,nu
49030,HH,38912,nu
49031,HH,57344,nu
49032,HH,59392,nu
49033,HH,51200,nu
49034,HH,53248,nu
49035,HH,32768,nu
49036,HH,51200,nu
49037,HH,65536,nu
49038,HH,53248,nu
49039,HH,49152,nu
49040,HH,49152,nu
49041,HH,57344,nu
49042,HH,51200,nu
49043,HH,45056,nu
49044,HH,45056,nu
49045,HH,67584,nu
49046,HH,61440,nu
49047,HH,51200,nu
49048,HH,59392,nu
49049,HH,43008,nu
50000,HH,51200,nu
50001,HH,65536,nu
50002,HH,59392,nu
50003,HH,73728,nu
50004,HH,53248,nu
50005,HH,61440,nu
50006,HH,55296,nu
50007,HH,59392,nu
50008,HH,53248,nu
50009,HH,57344,nu
50010,HH,51200,nu
50011,HH,55296,nu
50012,HH,57344,nu
50013,HH,47104,nu
50014,HH,57344,nu
50015,HH,55296,nu
50016,HH,61440,nu
50017,HH,69632,nu
50018,HH,63488,nu
50019,HH,55296,nu
50020,HH,63488,nu
50021,HH,53248,nu
50022,HH,67584,nu
50023,HH,45056,nu
50024,HH,53248,nu
50025,HH,47104,nu
50026,HH,53248,nu
50027,HH,57344,nu
50028,HH,51200,nu
50029,HH,55296,nu
50030,HH,47104,nu
50031,HH,61440,nu
50032,HH,49152,nu
50033,HH,53248,nu
50034,HH,59392,nu
50035,HH,53248,nu
50036,HH,47104,nu
50037,HH,57344,nu
50038,HH,59392,nu
50039,HH,47104,nu
50040,HH,57344,nu
50041,HH,53248,nu
50042,HH,51200,nu
50043,HH,53248,nu
50044,HH,51200,nu
50045,HH,83968,nu
50046,HH,59392,nu
50047,HH,55296,nu
50048,HH,53248,nu
50049,HH,61440,nu
51000,HH,57344,nu
51001,HH,63488,nu
51002,HH,67584,nu
51003,HH,47104,nu
51004,HH,65536,nu
51005,HH,55296,nu
51006,HH,49152,nu
51007,HH,55296,nu
51008,HH,67584,nu
51009,HH,61440,nu
51010,HH,61440,nu
51011,HH,63488,nu
51012,HH,53248,nu
51013,HH,63488,nu
51014,HH,73728,nu
51015,HH,57344,nu
51016,HH,55296,nu
51017,HH,69632,nu
51018,HH,59392,nu
51019,HH,55296,nu
51020,HH,36864,nu
51021,HH,59392,nu
51022,HH,51200,nu
51023,HH,53248,nu
51024,HH,53248,nu
51025,HH,59392,nu
51026,HH,63488,nu
51027,HH,59392,nu
51028,HH,49152,nu
51029,HH,49152,nu
51030,HH,49152,nu
51031,HH,61440,nu
51032,HH,49152,nu
51033,HH,67584,nu
51034,HH,53248,nu
51035,HH,53248,nu
51036,HH,53248,nu
51037,HH,49152,nu
51038,HH,59392,nu
51039,HH,61440,nu
51040,HH,53248,nu
51041,HH,57344,nu
51042,HH,75776,nu
51043,HH,55296,nu
51044,HH,57344,nu
51045,HH,57344,nu
51046,HH,53248,nu
51047,HH,73728,nu
51048,HH,51200,nu
51049,HH,55296,nu
52000,HH,55296,nu
52001,HH,88064,nu
52002,HH,57344,nu
52003,HH,63488,nu
52004,HH,57344,nu
52005,HH,59392,nu
52006,HH,61440,nu
52007,HH,79872,nu
52008,HH,59392,nu
52009,HH,53248,nu
52010,HH,55296,nu
52011,HH,55296,nu
52012,HH,57344,nu
52013,HH,55296,nu
52014,HH,59392,nu
52015,HH,63488,nu
52016,HH,57344,nu
52017,HH,57344,nu
52018,HH,59392,nu
52019,HH,92160,nu
52020,HH,51200,nu
52021,HH,77824,nu
52022,HH,67584,nu
52023,HH,55296,nu
52024,HH,53248,nu
52025,HH,55296,nu
52026,HH,43008,nu
52027,HH,45056,nu
52028,HH,63488,nu
52029,HH,65536,nu
52030,HH,75776,nu
52031,HH,75776,nu
52032,HH,71680,nu
52033,HH,55296,nu
52034,HH,53248,nu
52035,HH,59392,nu
52036,HH,51200,nu
52037,HH,53248,nu
52038,HH,57344,nu
52039,HH,51200,nu
52040,HH,69632,nu
52041,HH,59392,nu
52042,HH,67584,nu
52043,HH,65536,nu
52044,HH,90112,nu
52045,HH,61440,nu
52046,HH,53248,nu
52047,HH,73728,nu
52048,HH,59392,nu
52049,HH,53248,nu
53000,HH,59392,nu
53001,HH,51200,nu
53002,HH,79872,nu
53003,HH,45056,nu
53004,HH,59392,nu
53005,HH,55296,nu
53006,HH,47104,nu
53007,HH,49152,nu
53008,HH,47104,nu
53009,HH,49152,nu
53010,HH,51200,nu
53011,HH,59392,nu
53012,HH,51200,nu
53013,HH,51200,nu
53014,HH,49152,nu
53015,HH,57344,nu
53016,HH,40960,nu
53017,HH,57344,nu
53018,HH,49152,nu
53019,HH,51200,nu
53020,HH,53248,nu
53021,HH,45056,nu
53022,HH,51200,nu
53023,HH,55296,nu
53024,HH,49152,nu
53025,HH,63488,nu
53026,HH,47104,nu
53027,HH,55296,nu
53028,HH,51200,nu
53029,HH,47104,nu
53030,HH,51200,nu
53031,HH,49152,nu
53032,HH,69632,nu
53033,HH,61440,nu
53034,HH,47104,nu
53035,HH,49152,nu
53036,HH,57344,nu
53037,HH,47104,nu
53038,HH,53248,nu
53039,HH,63488,nu
53040,HH,51200,nu
53041,HH,49152,nu
53042,HH,47104,nu
53043,HH,47104,nu
53044,HH,53248,nu
53045,HH,59392,nu
53046,HH,47104,nu
53047,HH,45056,nu
53048,HH,55296,nu
53049,HH,53248,nu
54000,MB,57344,nu
54001,MB,59392,nu
54002,MB,51200,nu
54003,MB,65536,nu
54004,MB,53248,nu
54005,MB,67584,nu
54006,MB,63488,nu
54007,MB,57344,nu
54008,MB,63488,nu
54009,MB,47104,nu
54010,MB,59392,nu
54011,MB,53248,nu
54012,MB,53248,nu
54013,MB,71680,nu
54014,MB,65536,nu
54015,MB,67584,nu
54016,MB,51200,nu
54017,MB,43008,nu
54018,MB,51200,nu
54019,MB,61440,nu
54020,MB,63488,nu
54021,MB,67584,nu
54022,MB,73728,nu
54023,MB,73728,nu
54024,MB,53248,nu
54025,MB,65536,nu
54026,MB,61440,nu
54027,MB,43008,nu
54028,MB,59392,nu
54029,MB,77824,nu
54030,MB,57344,nu
54031,MB,45056,nu
54032,MB,73728,nu
54033,MB,55296,nu
54034,MB,57344,nu
54035,MB,32768,nu
54036,MB,75776,nu
54037,MB,65536,nu
54038,MB,63488,nu
54039,MB,71680,nu
54040,MB,53248,nu
54041,MB,61440,nu
54042,MB,71680,nu
54043,MB,55296,nu
54044,MB,71680,nu
54045,MB,65536,nu
54046,MB,40960,nu
54047,MB,57344,nu
54048,MB,59392,nu
54049,MB,63488,nu
55000,MB,77824,nu
55001,MB,61440,nu
55002,MB,79872,nu
55003,MB,71680,nu
55004,MB,102400,nu
55005,MB,92160,nu
55006,MB,94208,nu
55007,MB,102400,nu
55008,MB,71680,nu
55009,MB,45056,nu
55010,MB,88064,nu
55011,MB,55296,nu
55012,MB,83968,nu
55013,MB,86016,nu
55014,MB,81920,nu
55015,MB,61440,nu
55016,MB,83968,nu
55017,MB,100352,nu
55018,MB,79872,nu
55019,MB,43008,nu
55020,MB,102400,nu
55021,MB,81920,nu
55022,MB,75776,nu
55023,MB,71680,nu
55024,MB,77824,nu
55025,MB,79872,nu
55026,MB,63488,nu
55027,MB,63488,nu
55028,MB,83968,nu
55029,MB,81920,nu
55030,MB,53248,nu
55031,MB,65536,nu
55032,MB,96256,nu
55033,MB,55296,nu
55034,MB,55296,nu
55035,MB,67584,nu
55036,MB,73728,nu
55037,MB,59392,nu
55038,MB,75776,nu
55039,MB,51200,nu
55040,MB,77824,nu
55041,MB,67584,nu
55042,MB,96256,nu
55043,MB,65536,nu
55044,MB,63488,nu
55045,MB,92160,nu
55046,MB,90112,nu
55047,MB,79872,nu
55048,MB,57344,nu
55049,MB,75776,nu
56000,MB,71680,nu
56001,MB,69632,nu
56002,MB,67584,nu
56003,MB,69632,nu
56004,MB,67584,nu
56005,MB,57344,nu
56006,MB,81920,nu
56007,MB,65536,nu
56008,MB,69632,nu
56009,MB,86016,nu
56010,MB,57344,nu
56011,MB,69632,nu
56012,MB,73728,nu
56013,MB,63488,nu
56014,MB,63488,nu
56015,MB,75776,nu
56016,MB,77824,nu
56017,MB,71680,nu
56018,MB,67584,nu
56019,MB,71680,nu
56020,MB,61440,nu
56021,MB,75776,nu
56022,MB,69632,nu
56023,MB,63488,nu
56024,MB,90112,nu
56025,MB,67584,nu
56026,MB,75776,nu
56027,MB,81920,nu
56028,MB,69632,nu
56029,MB,79872,nu
56030,MB,61440,nu
56031,MB,69632,nu
56032,MB,75776,nu
56033,MB,65536,nu
56034,MB,63488,nu
56035,MB,59392,nu
56036,MB,79872,nu
56037,MB,71680,nu
56038,MB,73728,nu
56039,MB,69632,nu
56040,MB,77824,nu
56041,MB,57344,nu
56042,MB,57344,nu
56043,MB,65536,nu
56044,MB,65536,nu
56045,MB,69632,nu
56046,MB,59392,nu
56047,MB,59392,nu
56048,MB,40960,nu
56049,MB,65536,nu
57000,MB,61440,nu
57001,MB,59392,nu
57002,MB,61440,nu
57003,MB,73728,nu
57004,MB,79872,nu
57005,MB,65536,nu
57006,MB,86016,nu
57007,MB,67584,nu
57008,MB,55296,nu
57009,MB,59392,nu
57010,MB,65536,nu
57011,MB,67584,nu
57012,MB,83968,nu
57013,MB,69632,nu
57014,MB,63488,nu
57015,MB,67584,nu
57016,MB,88064,nu
57017,MB,69632,nu
57018,MB,77824,nu
57019,MB,67584,nu
57020,MB,106496,nu
57021,MB,73728,nu
57022,MB,83968,nu
57023,MB,77824,nu
57024,MB,73728,nu
57025,MB,67584,nu
57026,MB,71680,nu
57027,MB,90112,nu
57028,MB,88064,nu
57029,MB,71680,nu
57030,MB,67584,nu
57031,MB,75776,nu
57032,MB,79872,nu
57033,MB,71680,nu
57034,MB,49152,nu
57035,MB,69632,nu
57036,MB,67584,nu
57037,MB,69632,nu
57038,MB,69632,nu
57039,MB,71680,nu
57040,MB,63488,nu
57041,MB,71680,nu
57042,MB,67584,nu
57043,MB,69632,nu
57044,MB,22528,nu
57045,MB,67584,nu
57046,MB,65536,nu
57047,MB,63488,nu
57048,MB,67584,nu
57049,MB,63488,nu
58000,MB,67584,nu
58001,MB,69632,nu
58002,MB,57344,nu
58003,MB,77824,nu
58004,MB,63488,nu
58005,MB,73728,nu
58006,MB,55296,nu
58007,MB,69632,nu
58008,MB,67584,nu
58009,MB,75776,nu
58010,MB,61440,nu
58011,MB,67584,nu
58012,MB,79872,nu
58013,MB,98304,nu
58014,MB,61440,nu
58015,MB,75776,nu
58016,MB,69632,nu
58017,MB,61440,nu
58018,MB,73728,nu
58019,MB,65536,nu
58020,MB,63488,nu
58021,MB,75776,nu
58022,MB,67584,nu
58023,MB,71680,nu
58024,MB,65536,nu
58025,MB,59392,nu
58026,MB,65536,nu
58027,MB,67584,nu
58028,MB,61440,nu
58029,MB,71680,nu
58030,MB,59392,nu
58031,MB,65536,nu
58032,MB,59392,nu
58033,MB,73728,nu
58034,MB,63488,nu
58035,MB,92160,nu
58036,MB,53248,nu
58037,MB,65536,nu
58038,MB,71680,nu
58039,MB,73728,nu
58040,MB,59392,nu
58041,MB,81920,nu
58042,MB,65536,nu
58043,MB,75776,nu
58044,MB,67584,nu
58045,MB,61440,nu
58046,MB,73728,nu
58047,MB,71680,nu
58048,MB,65536,nu
58049,MB,79872,nu
59000,MB,73728,nu
59001,MB,51200,nu
59002,MB,55296,nu
59003,MB,53248,nu
59004,MB,51200,nu
59005,MB,55296,nu
59006,MB,67584,nu
59007,MB,40960,nu
59008,MB,59392,nu
59009,MB,59392,nu
59010,MB,57344,nu
59011,MB,55296,nu
59012,MB,51200,nu
59013,MB,61440,nu
59014,MB,65536,nu
59015,MB,51200,nu
59016,MB,51200,nu
59017,MB,59392,nu
59018,MB,55296,nu
59019,MB,77824,nu
59020,MB,53248,nu
59021,MB,55296,nu
59022,MB,77824,nu
59023,MB,51200,nu
59024,MB,55296,nu
59025,MB,51200,nu
59026,MB,47104,nu
59027,MB,53248,nu
59028,MB,49152,nu
59029,MB,69632,nu
59030,MB,49152,nu
59031,MB,57344,nu
59032,MB,53248,nu
59033,MB,32768,nu
59034,MB,51200,nu
59035,MB,40960,nu
59036,MB,59392,nu
59037,MB,38912,nu
59038,MB,59392,nu
59039,MB,63488,nu
59040,MB,36864,nu
59041,MB,45056,nu
59042,MB,34816,nu
59043,MB,49152,nu
59044,MB,49152,nu
59045,MB,59392,nu
59046,MB,67584,nu
59047,MB,24576,nu
59048,MB,51200,nu
59049,MB,47104,nu
60000,MB,49152,nu
60001,MB,96256,nu
60002,MB,55296,nu
60003,MB,49152,nu
60004,MB,61440,nu
60005,MB,61440,nu
60006,MB,57344,nu
60007,MB,55296,nu
60008,MB,55296,nu
60009,MB,57344,nu
60010,MB,32768,nu
60011,MB,61440,nu
60012,MB,57344,nu
60013,MB,53248,nu
60014,MB,55296,nu
60015,MB,57344,nu
60016,MB,28672,nu
60017,MB,57344,nu
60018,MB,34816,nu
60019,MB,51200,nu
60020,MB,53248,nu
60021,MB,51200,nu
60022,MB,61440,nu
60023,MB,55296,nu
60024,MB,57344,nu
60025,MB,45056,nu
60026,MB,57344,nu
60027,MB,55296,nu
60028,MB,32768,nu
60029,MB,51200,nu
60030,MB,45056,nu
60031,MB,59392,nu
60032,MB,63488,nu
60033,MB,55296,nu
60034,MB,47104,nu
60035,MB,47104,nu
60036,MB,51200,nu
60037,MB,55296,nu
60038,MB,49152,nu
60039,MB,51200,nu
60040,MB,57344,nu
60041,MB,49152,nu
60042,MB,51200,nu
60043,MB,59392,nu
60044,MB,32768,nu
60045,MB,45056,nu
60046,MB,57344,nu
60047,MB,59392,nu
60048,MB,51200,nu
60049,MB,53248,nu
61000,MB,55296,nu
61001,MB,53248,nu
61002,MB,108544,nu
61003,MB,59392,nu
61004,MB,51200,nu
61005,MB,65536,nu
61006,MB,61440,nu
61007,MB,61440,nu
61008,MB,55296,nu
61009,MB,63488,nu
61010,MB,65536,nu
61011,MB,51200,nu
61012,MB,59392,nu
61013,MB,59392,nu
61014,MB,53248,nu
61015,MB,57344,nu
61016,MB,59392,nu
61017,MB,57344,nu
61018,MB,63488,nu
61019,MB,55296,nu
61020,MB,47104,nu
61021,MB,51200,nu
61022,MB,71680,nu
61023,MB,65536,nu
61024,MB,65536,nu
61025,MB,65536,nu
61026,MB,55296,nu
61027,MB,57344,nu
61028,MB,67584,nu
61029,MB,69632,nu
61030,MB,47104,nu
61031,MB,100352,nu
61032,MB,45056,nu
61033,MB,67584,nu
61034,MB,61440,nu
61035,MB,55296,nu
61036,MB,61440,nu
61037,MB,49152,nu
61038,MB,59392,nu
61039,MB,59392,nu
61040,MB,65536,nu
61041,MB,59392,nu
61042,MB,63488,nu
61043,MB,57344,nu
61044,MB,63488,nu
61045,MB,59392,nu
61046,MB,61440,nu
61047,MB,71680,nu
61048,MB,67584,nu
61049,MB,61440,nu
62000,MB,59392,nu
62001,MB,51200,nu
62002,MB,73728,nu
62003,MB,57344,nu
62004,MB,100352,nu
62005,MB,57344,nu
62006,MB,61440,nu
62007,MB,43008,nu
62008,MB,55296,nu
62009,MB,59392,nu
62010,MB,59392,nu
62011,MB,57344,nu
62012,MB,32768,nu
62013,MB,61440,nu
62014,MB,57344,nu
62015,MB,61440,nu
62016,MB,90112,nu
62017,MB,49152,nu
62018,MB,61440,nu
62019,MB,61440,nu
62020,MB,49152,nu
62021,MB,57344,nu
62022,MB,57344,nu
62023,MB,53248,nu
62024,MB,55296,nu
62025,MB,45056,nu
62026,MB,59392,nu
62027,MB,61440,nu
62028,MB,53248,nu
62029,MB,59392,nu
62030,MB,61440,nu
62031,MB,55296,nu
62032,MB,57344,nu
62033,MB,61440,nu
62034,MB,57344,nu
62035,MB,55296,nu
62036,MB,67584,nu
62037,MB,57344,nu
62038,MB,59392,nu
62039,MB,65536,nu
62040,MB,51200,nu
62041,MB,55296,nu
62042,MB,20480,nu
62043,MB,57344,nu
62044,MB,73728,nu
62045,MB,67584,nu
62046,MB,51200,nu
62047,MB,57344,nu
62048,MB,55296,nu
62049,MB,57344,nu
63000,MB,55296,nu
63001,MB,57344,nu
63002,MB,69632,nu
63003,MB,63488,nu
63004,MB,69632,nu
63005,MB,57344,nu
63006,MB,61440,nu
63007,MB,96256,nu
63008,MB,61440,nu
63009,MB,71680,nu
63010,MB,61440,nu
63011,MB,59392,nu
63012,MB,55296,nu
63013,MB,65536,nu
63014,MB,55296,nu
63015,MB,51200,nu
63016,MB,49152,nu
63017,MB,53248,nu
63018,MB,53248,nu
63019,MB,55296,nu
63020,MB,49152,nu
63021,MB,51200,nu
63022,MB,53248,nu
63023,MB,61440,nu
63024,MB,57344,nu
63025,MB,22528,nu
63026,MB,71680,nu
63027,MB,67584,nu
63028,MB,63488,nu
63029,MB,59392,nu
63030,MB,49152,nu
63031,MB,55296,nu
63032,MB,45056,nu
63033,MB,61440,nu
63034,MB,59392,nu
63035,MB,53248,nu
63036,MB,57344,nu
63037,MB,59392,nu
63038,MB,51200,nu
63039,MB,63488,nu
63040,MB,61440,nu
63041,MB,57344,nu
63042,MB,57344,nu
63043,MB,59392,nu
63044,MB,108544,nu
63045,MB,55296,nu
63046,MB,69632,nu
63047,MB,53248,nu
63048,MB,57344,nu
63049,MB,67584,nu
64000,MB,69632,nu
64001,MB,69632,nu
64002,MB,49152,nu
64003,MB,69632,nu
64004,MB,51200,nu
64005,MB,57344,nu
64006,MB,67584,nu
64007,MB,61440,nu
64008,MB,67584,nu
64009,MB,63488,nu
64010,MB,71680,nu
64011,MB,79872,nu
64012,MB,88064,nu
64013,MB,65536,nu
64014,MB,55296,nu
64015,MB,57344,nu
64016,MB,71680,nu
64017,MB,79872,nu
64018,MB,55296,nu
64019,MB,90112,nu
64020,MB,71680,nu
64021,MB,67584,nu
64022,MB,61440,nu
64023,MB,71680,nu
64024,MB,65536,nu
64025,MB,61440,nu
64026,MB,61440,nu
64027,MB,55296,nu
64028,MB,63488,nu
64029,MB,69632,nu
64030,MB,51200,nu
64031,MB,71680,nu
64032,MB,65536,nu
64033,MB,63488,nu
64034,MB,79872,nu
64035,MB,65536,nu
64036,MB,65536,nu
64037,MB,83968,nu
64038,MB,75776,nu
64039,MB,67584,nu
64040,MB,61440,nu
64041,MB,57344,nu
64042,MB,65536,nu
64043,MB,55296,nu
64044,MB,71680,nu
64045,MB,69632,nu
64046,MB,65536,nu
64047,MB,71680,nu
64048,MB,75776,nu
64049,MB,75776,nu
65000,MB,61440,nu
65001,MB,55296,nu
65002,MB,57344,nu
65003,MB,59392,nu
65004,MB,57344,nu
65005,MB,69632,nu
65006,MB,57344,nu
65007,MB,69632,nu
65008,MB,53248,nu
65009,MB,63488,nu
65010,MB,55296,nu
65011,MB,57344,nu
65012,MB,63488,nu
65013,MB,59392,nu
65014,MB,32768,nu
65015,MB,43008,nu
65016,MB,51200,nu
65017,MB,57344,nu
65018,MB,55296,nu
65019,MB,57344,nu
65020,MB,61440,nu
65021,MB,57344,nu
65022,MB,57344,nu
65023,MB,53248,nu
65024,MB,77824,nu
65025,MB,63488,nu
65026,MB,57344,nu
65027,MB,53248,nu
65028,MB,57344,nu
65029,MB,63488,nu
65030,MB,63488,nu
65031,MB,55296,nu
65032,MB,57344,nu
65033,MB,59392,nu
65034,MB,63488,nu
65035,MB,57344,nu
65036,MB,55296,nu
65037,MB,69632,nu
65038,MB,53248,nu
65039,MB,61440,nu
65040,MB,59392,nu
65041,MB,59392,nu
65042,MB,57344,nu
65043,MB,57344,nu
65044,MB,65536,nu
65045,MB,69632,nu
65046,MB,100352,nu
65047,MB,59392,nu
65048,MB,55296,nu
65049,MB,59392,nu
66000,MB,47104,nu
66001,MB,55296,nu
66002,MB,65536,nu
66003,MB,55296,nu
66004,MB,45056,nu
66005,MB,61440,nu
66006,MB,53248,nu
66007,MB,57344,nu
66008,MB,53248,nu
66009,MB,57344,nu
66010,MB,53248,nu
66011,MB,59392,nu
66012,MB,55296,nu
66013,MB,55296,nu
66014,MB,61440,nu
66015,MB,45056,nu
66016,MB,55296,nu
66017,MB,49152,nu
66018,MB,55296,nu
66019,MB,59392,nu
66020,MB,63488,nu
66021,MB,63488,nu
66022,MB,59392,nu
66023,MB,63488,nu
66024,MB,26624,nu
66025,MB,55296,nu
66026,MB,69632,nu
66027,MB,59392,nu
66028,MB,53248,nu
66029,MB,59392,nu
66030,MB,53248,nu
66031,MB,57344,nu
66032,MB,61440,nu
66033,MB,55296,nu
66034,MB,69632,nu
66035,MB,55296,nu
66036,MB,69632,nu
66037,MB,49152,nu
66038,MB,65536,nu
66039,MB,61440,nu
66040,MB,55296,nu
66041,MB,63488,nu
66042,MB,57344,nu
66043,MB,59392,nu
66044,MB,51200,nu
66045,MB,55296,nu
66046,MB,81920,nu
66047,MB,61440,nu
66048,MB,65536,nu
66049,MB,55296,nu
67000,MB,65536,nu
67001,MB,57344,nu
67002,MB,47104,nu
67003,MB,61440,nu
67004,MB,47104,nu
67005,MB,55296,nu
67006,MB,67584,nu
67007,MB,65536,nu
67008,MB,55296,nu
67009,MB,55296,nu
67010,MB,55296,nu
67011,MB,53248,nu
67012,MB,63488,nu
67013,MB,63488,nu
67014,MB,51200,nu
67015,MB,65536,nu
67016,MB,30720,nu
67017,MB,53248,nu
67018,MB,51200,nu
67019,MB,63488,nu
67020,MB,53248,nu
67021,MB,53248,nu
67022,MB,92160,nu
67023,MB,59392,nu
67024,MB,53248,nu
67025,MB,53248,nu
67026,MB,57344,nu
67027,MB,49152,nu
67028,MB,59392,nu
67029,MB,51200,nu
67030,MB,51200,nu
67031,MB,61440,nu
67032,MB,53248,nu
67033,MB,67584,nu
67034,MB,51200,nu
67035,MB,53248,nu
67036,MB,57344,nu
67037,MB,59392,nu
67038,MB,63488,nu
67039,MB,55296,nu
67040,MB,57344,nu
67041,MB,43008,nu
67042,MB,51200,nu
67043,MB,49152,nu
67044,MB,53248,nu
67045,MB,57344,nu
67046,MB,55296,nu
67047,MB,57344,nu
67048,MB,45056,nu
67049,MB,65536,nu
68000,MB,55296,nu
68001,MB,59392,nu
68002,MB,53248,nu
68003,MB,57344,nu
68004,MB,51200,nu
68005,MB,47104,nu
68006,MB,53248,nu
68007,MB,51200,nu
68008,MB,61440,nu
68009,MB,57344,nu
68010,MB,57344,nu
68011,MB,59392,nu
68012,MB,51200,nu
68013,MB,59392,nu
68014,MB,61440,nu
68015,MB,53248,nu
68016,MB,61440,nu
68017,MB,61440,nu
68018,MB,75776,nu
68019,MB,40960,nu
68020,MB,51200,nu
68021,MB,61440,nu
68022,MB,57344,nu
68023,MB,49152,nu
68024,MB,53248,nu
68025,MB,88064,nu
68026,MB,57344,nu
68027,MB,57344,nu
68028,MB,55296,nu
68029,MB,63488,nu
68030,MB,61440,nu
68031,MB,73728,nu
68032,MB,55296,nu
68033,MB,55296,nu
68034,MB,63488,nu
68035,MB,51200,nu
68036,MB,49152,nu
68037,MB,63488,nu
68038,MB,57344,nu
68039,MB,26624,nu
68040,MB,57344,nu
68041,MB,55296,nu
68042,MB,49152,nu
68043,MB,61440,nu
68044,MB,53248,nu
68045,MB,49152,nu
68046,MB,20480,nu
68047,MB,116736,nu
68048,MB,61440,nu
68049,MB,53248,nu
69000,HH,61698,1
69001,HH,57197,1
69002,HH,63026,1
69003,HH,61938,1
69004,HH,69602,1
69005,HH,69346,1
69006,HH,57973,1
69007,HH,65779,1
69008,HH,70474,1
69009,HH,66395,1
69010,HH,70513,2
69011,HH,85357,2
69012,HH,68192,2
69013,HH,83311,2
69014,HH,74334,2
69015,HH,60464,2
69016,HH,59786,2
69017,HH,64539,2
69018,HH,66184,2
69019,HH,62154,2
69020,HH,76496,3
69021,HH,64513,3
69022,HH,67555,3
69023,HH,67457,3
69024,HH,74479,3
69025,HH,83276,3
69026,HH,66184,3
69027,HH,78875,3
69028,HH,70612,3
69029,HH,68244,3
69030,HH,66087,4
69031,HH,69386,4
69032,HH,71759,4
69033,HH,73884,4
69034,HH,65466,4
69035,HH,66996,4
69036,HH,70128,4
69037,HH,74166,4
69038,HH,63901,4
69039,HH,55252,4
69040,HH,64583,5
69041,HH,70147,5
69042,HH,65383,5
69043,HH,57537,5
69044,HH,66670,5
69045,HH,81366,5
69046,HH,69260,5
69047,HH,70452,5
69048,HH,61687,5
69049,HH,68269,5
70000,MB,76331,1
70001,MB,94330,1
70002,MB,93373,1
70003,MB,72199,1
70004,MB,85757,1
70005,MB,101298,1
70006,MB,98749,1
70007,MB,81283,1
70008,MB,10808,1
70009,MB,85886,1
70010,MB,77782,2
70011,MB,90422,2
70012,MB,69861,2
70013,MB,80730,2
70014,MB,95647,2
70015,MB,85857,2
70016,MB,93859,2
70017,MB,71676,2
70018,MB,86154,2
70019,MB,106290,2
70020,MB,101689,3
70021,MB,85545,3
70022,MB,91910,3
70023,MB,72423,3
70024,MB,95220,3
70025,MB,80610,3
70026,MB,89300,3
70027,MB,79871,3
70028,MB,81373,3
70029,MB,96403,3
70030,MB,116707,4
70031,MB,95807,4
70032,MB,76748,4
70033,MB,104218,4
70034,MB,91946,4
70035,MB,92160,4
70036,MB,92196,4
70037,MB,94953,4
70038,MB,99620,4
70039,MB,78572,4
70040,MB,82356,5
70041,MB,92058,5
70042,MB,96395,5
70043,MB,94520,5
70044,MB,103041,5
70045,MB,88700,5
70046,MB,85079,5
70047,MB,84632,5
70048,MB,89598,5
70049,MB,82447,5
71000,HH-3F01mfp,72299,test
71001,HH-3F01mfp,86076,test
71002,HH-3F01mfp,69657,test
71003,HH-3F01mfp,83598,test
71004,HH-3F01mfp,35836,test
71005,HH-3F01mfp,60922,test
71006,HH-3F01mfp,70903,test
71007,HH-3F01mfp,69668,test
71008,HH-3F01mfp,88145,test
71009,HH-3F01mfp,70630,test
71010,HH-3F01mfp,65978,test
71011,HH-3F01mfp,79438,test
71012,HH-3F01mfp,65266,test
71013,HH-3F01mfp,71177,test
71014,HH-3F01mfp,60245,test
71015,HH-3F01mfp,66698,test
71016,HH-3F01mfp,78271,test
71017,HH-3F01mfp,78165,test
71018,HH-3F01mfp,71166,test
71019,HH-3F01mfp,71415,test
71020,HH-3F01mfp,56532,test
71021,HH-3F01mfp,67417,test
71022,HH-3F01mfp,62104,test
71023,HH-3F01mfp,62993,test
71024,HH-3F01mfp,70637,test
71025,HH-3F01mfp,85462,test
71026,HH-3F01mfp,69226,test
71027,HH-3F01mfp,72813,test
71028,HH-3F01mfp,72427,test
71029,HH-3F01mfp,66716,test
71030,HH-3F01mfp,87040,test
71031,HH-3F01mfp,84624,test
71032,HH-3F01mfp,66975,test
71033,HH-3F01mfp,60829,test
71034,HH-3F01mfp,80554,test
71035,HH-3F01mfp,75040,test
71036,HH-3F01mfp,64658,test
71037,HH-3F01mfp,66291,test
71038,HH-3F01mfp,98541,test
71039,HH-3F01mfp,61714,test
71040,HH-3F01mfp,57716,test
71041,HH-3F01mfp,55230,test
71042,HH-3F01mfp,63638,test
71043,HH-3F01mfp,70128,test
71044,HH-3F01mfp,82819,test
71045,HH-3F01mfp,75785,test
71046,HH-3F01mfp,57822,test
71047,HH-3F01mfp,57944,test
71048,HH-3F01mfp,73063,test
71049,HH-3F01mfp,60962,test
72000,MB-3F01m,78291,test
72001,MB-3F01m,83110,test
72002,MB-3F01m,115573,test
72003,MB-3F01m,97704,test
72004,MB-3F01m,110130,test
72005,MB-3F01m,112981,test
72006,MB-3F01m,85082,test
72007,MB-3F01m,118954,test
72008,MB-3F01m,99327,test
72009,MB-3F01m,124433,test
72010,MB-3F01m,98580,test
72011,MB-3F01m,100370,test
72012,MB-3F01m,100462,test
72013,MB-3F01m,126064,test
72014,MB-3F01m,96565,test
72015,MB-3F01m,122453,test
72016,MB-3F01m,97233,test
72017,MB-3F01m,102409,test
72018,MB-3F01m,114025,test
72019,MB-3F01m,96356,test
72020,MB-3F01m,105191,test
72021,MB-3F01m,119891,test
72022,MB-3F01m,114346,test
72023,MB-3F01m,106800,test
72024,MB-3F01m,83317,test
72025,MB-3F01m,105851,test
72026,MB-3F01m,104452,test
72027,MB-3F01m,102050,test
72028,MB-3F01m,98636,test
72029,MB-3F01m,130441,test
72030,MB-3F01m,92427,test
72031,MB-3F01m,111717,test
72032,MB-3F01m,115605,test
72033,MB-3F01m,97660,test
72034,MB-3F01m,96352,test
72035,MB-3F01m,85106,test
72036,MB-3F01m,102210,test
72037,MB-3F01m,86225,test
72038,MB-3F01m,86211,test
72039,MB-3F01m,96904,test
72040,MB-3F01m,69816,test
72041,MB-3F01m,102498,test
72042,MB-3F01m,96606,test
72043,MB-3F01m,103820,test
72044,MB-3F01m,97505,test
72045,MB-3F01m,93286,test
72046,MB-3F01m,90752,test
72047,MB-3F01m,126551,test
72048,MB-3F01m,93781,test
72049,MB-3F01m,94492,test
73000,HH-3F02mfp,99092,test
73001,HH-3F02mfp,57081,test
73002,HH-3F02mfp,70536,test
73003,HH-3F02mfp,56996,test
73004,HH-3F02mfp,66262,test
73005,HH-3F02mfp,69318,test
73006,HH-3F02mfp,59733,test
73007,HH-3F02mfp,57566,test
73008,HH-3F02mfp,73209,test
73009,HH-3F02mfp,63202,test
73010,HH-3F02mfp,78942,test
73011,HH-3F02mfp,68935,test
73012,HH-3F02mfp,77787,test
73013,HH-3F02mfp,76996,test
73014,HH-3F02mfp,53437,test
73015,HH-3F02mfp,75006,test
73016,HH-3F02mfp,76416,test
73017,HH-3F02mfp,77381,test
73018,HH-3F02mfp,61451,test
73019,HH-3F02mfp,60622,test
73020,HH-3F02mfp,54969,test
73021,HH-3F02mfp,61647,test
73022,HH-3F02mfp,83850,test
73023,HH-3F02mfp,71614,test
73024,HH-3F02mfp,74069,test
73025,HH-3F02mfp,76689,test
73026,HH-3F02mfp,73027,test
73027,HH-3F02mfp,76068,test
73028,HH-3F02mfp,67676,test
73029,HH-3F02mfp,60065,test
73030,HH-3F02mfp,80689,test
73031,HH-3F02mfp,77084,test
73032,HH-3F02mfp,72731,test
73033,HH-3F02mfp,73014,test
73034,HH-3F02mfp,72134,test
73035,HH-3F02mfp,58035,test
73036,HH-3F02mfp,61570,test
73037,HH-3F02mfp,72157,test
73038,HH-3F02mfp,54685,test
73039,HH-3F02mfp,62317,test
73040,HH-3F02mfp,72168,test
73041,HH-3F02mfp,72311,test
73042,HH-3F02mfp,77392,test
73043,HH-3F02mfp,75629,test
73044,HH-3F02mfp,73478,test
73045,HH-3F02mfp,58711,test
73046,HH-3F02mfp,61393,test
73047,HH-3F02mfp,61608,test
73048,HH-3F02mfp,68929,test
73049,HH-3F02mfp,69096,test
74000,MB-3F02m,86189,test
74001,MB-3F02m,106853,test
74002,MB-3F02m,80014,test
74003,MB-3F02m,97718,test
74004,MB-3F02m,111394,test
74005,MB-3F02m,99454,test
74006,MB-3F02m,93220,test
74007,MB-3F02m,97313,test
74008,MB-3F02m,98608,test
74009,MB-3F02m,107017,test
74010,MB-3F02m,85219,test
74011,MB-3F02m,96044,test
74012,MB-3F02m,96987,test
74013,MB-3F02m,121705,test
74014,MB-3F02m,91924,test
74015,MB-3F02m,99358,test
74016,MB-3F02m,93986,test
74017,MB-3F02m,92372,test
74018,MB-3F02m,111177,test
74019,MB-3F02m,107035,test
74020,MB-3F02m,101332,test
74021,MB-3F02m,89501,test
74022,MB-3F02m,103738,test
74023,MB-3F02m,127390,test
74024,MB-3F02m,107320,test
74025,MB-3F02m,93132,test
74026,MB-3F02m,87676,test
74027,MB-3F02m,93637,test
74028,MB-3F02m,102999,test
74029,MB-3F02m,94378,test
74030,MB-3F02m,89392,test
74031,MB-3F02m,118544,test
74032,MB-3F02m,94455,test
74033,MB-3F02m,92104,test
74034,MB-3F02m,89049,test
74035,MB-3F02m,84653,test
74036,MB-3F02m,90314,test
74037,MB-3F02m,78944,test
74038,MB-3F02m,100064,test
74039,MB-3F02m,101510,test
74040,MB-3F02m,98475,test
74041,MB-3F02m,70930,test
74042,MB-3F02m,95376,test
74043,MB-3F02m,111697,test
74044,MB-3F02m,104607,test
74045,MB-3F02m,101868,test
74046,MB-3F02m,97434,test
74047,MB-3F02m,93580,test
74048,MB-3F02m,79913,test
74049,MB-3F02m,91085,test
75000,HH-3F03mfp,61843,test
75001,HH-3F03mfp,70620,test
75002,HH-3F03mfp,62046,test
75003,HH-3F03mfp,74836,test
75004,HH-3F03mfp,67151,test
75005,HH-3F03mfp,78775,test
75006,HH-3F03mfp,60147,test
75007,HH-3F03mfp,63026,test
75008,HH-3F03mfp,70963,test
75009,HH-3F03mfp,65331,test
75010,HH-3F03mfp,62831,test
75011,HH-3F03mfp,77238,test
75012,HH-3F03mfp,63601,test
75013,HH-3F03mfp,71865,test
75014,HH-3F03mfp,94858,test
75015,HH-3F03mfp,83718,test
75016,HH-3F03mfp,75449,test
75017,HH-3F03mfp,76977,test
75018,HH-3F03mfp,67127,test
75019,HH-3F03mfp,60863,test
75020,HH-3F03mfp,61732,test
75021,HH-3F03mfp,93531,test
75022,HH-3F03mfp,63422,test
75023,HH-3F03mfp,57072,test
75024,HH-3F03mfp,59162,test
75025,HH-3F03mfp,54560,test
75026,HH-3F03mfp,38100,test
75027,HH-3F03mfp,63202,test
75028,HH-3F03mfp,92932,test
75029,HH-3F03mfp,46665,test
75030,HH-3F03mfp,77787,test
75031,HH-3F03mfp,68801,test
75032,HH-3F03mfp,58118,test
75033,HH-3F03mfp,71781,test
75034,HH-3F03mfp,67025,test
75035,HH-3F03mfp,68040,test
75036,HH-3F03mfp,84924,test
75037,HH-3F03mfp,60517,test
75038,HH-3F03mfp,76437,test
75039,HH-3F03mfp,60649,test
75040,HH-3F03mfp,66382,test
75041,HH-3F03mfp,61457,test
75042,HH-3F03mfp,62950,test
75043,HH-3F03mfp,78229,test
75044,HH-3F03mfp,59732,test
75045,HH-3F03mfp,69576,test
75046,HH-3F03mfp,72483,test
75047,HH-3F03mfp,69004,test
75048,HH-3F03mfp,65554,test
75049,HH-3F03mfp,78638,test
76000,MB-3F03m,95647,test
76001,MB-3F03m,94650,test
76002,MB-3F03m,101661,test
76003,MB-3F03m,105472,test
76004,MB-3F03m,91214,test
76005,MB-3F03m,100191,test
76006,MB-3F03m,99917,test
76007,MB-3F03m,90555,test
76008,MB-3F03m,92058,test
76009,MB-3F03m,88981,test
76010,MB-3F03m,93899,test
76011,MB-3F03m,98089,test
76012,MB-3F03m,109591,test
76013,MB-3F03m,106499,test
76014,MB-3F03m,90840,test
76015,MB-3F03m,105325,test
76016,MB-3F03m,104424,test
76017,MB-3F03m,83248,test
76018,MB-3F03m,97330,test
76019,MB-3F03m,99882,test
76020,MB-3F03m,72352,test
76021,MB-3F03m,88514,test
76022,MB-3F03m,84186,test
76023,MB-3F03m,103285,test
76024,MB-3F03m,88400,test
76025,MB-3F03m,99669,test
76026,MB-3F03m,99861,test
76027,MB-3F03m,91537,test
76028,MB-3F03m,80785,test
76029,MB-3F03m,87444,test
76030,MB-3F03m,83247,test
76031,MB-3F03m,96360,test
76032,MB-3F03m,107008,test
76033,MB-3F03m,92492,test
76034,MB-3F03m,83829,test
76035,MB-3F03m,90819,test
76036,MB-3F03m,86618,test
76037,MB-3F03m,96627,test
76038,MB-3F03m,78414,test
76039,MB-3F03m,100394,test
76040,MB-3F03m,91966,test
76041,MB-3F03m,86069,test
76042,MB-3F03m,110740,test
76043,MB-3F03m,79590,test
76044,MB-3F03m,89122,test
76045,MB-3F03m,80077,test
76046,MB-3F03m,107288,test
76047,MB-3F03m,102839,test
76048,MB-3F03m,85241,test
76049,MB-3F03m,93247,test
77000,HH-3F04mfp,72004,test
77001,HH-3F04mfp,60562,test
77002,HH-3F04mfp,67659,test
77003,HH-3F04mfp,64915,test
77004,HH-3F04mfp,70704,test
77005,HH-3F04mfp,64355,test
77006,HH-3F04mfp,63509,test
77007,HH-3F04mfp,52884,test
77008,HH-3F04mfp,65397,test
77009,HH-3F04mfp,57359,test
77010,HH-3F04mfp,65959,test
77011,HH-3F04mfp,65376,test
77012,HH-3F04mfp,56679,test
77013,HH-3F04mfp,60734,test
77014,HH-3F04mfp,53393,test
77015,HH-3F04mfp,60706,test
77016,HH-3F04mfp,64848,test
77017,HH-3F04mfp,72157,test
77018,HH-3F04mfp,61538,test
77019,HH-3F04mfp,89406,test
77020,HH-3F04mfp,61200,test
77021,HH-3F04mfp,75445,test
77022,HH-3F04mfp,55247,test
77023,HH-3F04mfp,67877,test
77024,HH-3F04mfp,72029,test
77025,HH-3F04mfp,54713,test
77026,HH-3F04mfp,62408,test
77027,HH-3F04mfp,57768,test
77028,HH-3F04mfp,75575,test
77029,HH-3F04mfp,74987,test
77030,HH-3F04mfp,71482,test
77031,HH-3F04mfp,55189,test
77032,HH-3F04mfp,65868,test
77033,HH-3F04mfp,57809,test
77034,HH-3F04mfp,67980,test
77035,HH-3F04mfp,66735,test
77036,HH-3F04mfp,68995,test
77037,HH-3F04mfp,77957,test
77038,HH-3F04mfp,63179,test
77039,HH-3F04mfp,61111,test
77040,HH-3F04mfp,42715,test
77041,HH-3F04mfp,52926,test
77042,HH-3F04mfp,64142,test
77043,HH-3F04mfp,63056,test
77044,HH-3F04mfp,65435,test
77045,HH-3F04mfp,56590,test
77046,HH-3F04mfp,62630,test
77047,HH-3F04mfp,61206,test
77048,HH-3F04mfp,76523,test
77049,HH-3F04mfp,59500,test
78000,MB-3F04m,101284,test
78001,MB-3F04m,108019,test
78002,MB-3F04m,117246,test
78003,MB-3F04m,97123,test
78004,MB-3F04m,104914,test
78005,MB-3F04m,91039,test
78006,MB-3F04m,126361,test
78007,MB-3F04m,119236,test
78008,MB-3F04m,91214,test
78009,MB-3F04m,112288,test
78010,MB-3F04m,128197,test
78011,MB-3F04m,113756,test
78012,MB-3F04m,119469,test
78013,MB-3F04m,111146,test
78014,MB-3F04m,100167,test
78015,MB-3F04m,100885,test
78016,MB-3F04m,83394,test
78017,MB-3F04m,101279,test
78018,MB-3F04m,97556,test
78019,MB-3F04m,109477,test
78020,MB-3F04m,103451,test
78021,MB-3F04m,93800,test
78022,MB-3F04m,111349,test
78023,MB-3F04m,116728,test
78024,MB-3F04m,106116,test
78025,MB-3F04m,102906,test
78026,MB-3F04m,114297,test
78027,MB-3F04m,95990,test
78028,MB-3F04m,90643,test
78029,MB-3F04m,88728,test
78030,MB-3F04m,107776,test
78031,MB-3F04m,118171,test
78032,MB-3F04m,90301,test
78033,MB-3F04m,77507,test
78034,MB-3F04m,92449,test
78035,MB-3F04m,102400,test
78036,MB-3F04m,92745,test
78037,MB-3F04m,105180,test
78038,MB-3F04m,124580,test
78039,MB-3F04m,94769,test
78040,MB-3F04m,80523,test
78041,MB-3F04m,113705,test
78042,MB-3F04m,87662,test
78043,MB-3F04m,108981,test
78044,MB-3F04m,82196,test
78045,MB-3F04m,84189,test
78046,MB-3F04m,102599,test
78047,MB-3F04m,100162,test
78048,MB-3F04m,81689,test
78049,MB-3F04m,112305,test
79000,HH-3F05mfp,61943,test
79001,HH-3F05mfp,56537,test
79002,HH-3F05mfp,65177,test
79003,HH-3F05mfp,57289,test
79004,HH-3F05mfp,63348,test
79005,HH-3F05mfp,65029,test
79006,HH-3F05mfp,54082,test
79007,HH-3F05mfp,58034,test
79008,HH-3F05mfp,55763,test
79009,HH-3F05mfp,57343,test
79010,HH-3F05mfp,50755,test
79011,HH-3F05mfp,50765,test
79012,HH-3F05mfp,63107,test
79013,HH-3F05mfp,60206,test
79014,HH-3F05mfp,51377,test
79015,HH-3F05mfp,60692,test
79016,HH-3F05mfp,68926,test
79017,HH-3F05mfp,62463,test
79018,HH-3F05mfp,47477,test
79019,HH-3F05mfp,102747,test
79020,HH-3F05mfp,65779,test
79021,HH-3F05mfp,45019,test
79022,HH-3F05mfp,60863,test
79023,HH-3F05mfp,61321,test
79024,HH-3F05mfp,60632,test
79025,HH-3F05mfp,54892,test
79026,HH-3F05mfp,60516,test
79027,HH-3F05mfp,64484,test
79028,HH-3F05mfp,68424,test
79029,HH-3F05mfp,66384,test
79030,HH-3F05mfp,57399,test
79031,HH-3F05mfp,57483,test
79032,HH-3F05mfp,54175,test
79033,HH-3F05mfp,62934,test
79034,HH-3F05mfp,63889,test
79035,HH-3F05mfp,46993,test
79036,HH-3F05mfp,59453,test
79037,HH-3F05mfp,64615,test
79038,HH-3F05mfp,47615,test
79039,HH-3F05mfp,51984,test
79040,HH-3F05mfp,72443,test
79041,HH-3F05mfp,56069,test
79042,HH-3F05mfp,52882,test
79043,HH-3F05mfp,64840,test
79044,HH-3F05mfp,59087,test
79045,HH-3F05mfp,59007,test
79046,HH-3F05mfp,62946,test
79047,HH-3F05mfp,64183,test
79048,HH-3F05mfp,58516,test
79049,HH-3F05mfp,70323,test
80000,MB-3F05m,101154,test
80001,MB-3F05m,126025,test
80002,MB-3F05m,116880,test
80003,MB-3F05m,132677,test
80004,MB-3F05m,87702,test
80005,MB-3F05m,100059,test
80006,MB-3F05m,82651,test
80007,MB-3F05m,109137,test
80008,MB-3F05m,97450,test
80009,MB-3F05m,67772,test
80010,MB-3F05m,89511,test
80011,MB-3F05m,105649,test
80012,MB-3F05m,113026,test
80013,MB-3F05m,82265,test
80014,MB-3F05m,79373,test
80015,MB-3F05m,126365,test
80016,MB-3F05m,87076,test
80017,MB-3F05m,112354,test
80018,MB-3F05m,120215,test
80019,MB-3F05m,155679,test
80020,MB-3F05m,107863,test
80021,MB-3F05m,108433,test
80022,MB-3F05m,135096,test
80023,MB-3F05m,127030,test
80024,MB-3F05m,150813,test
80025,MB-3F05m,130186,test
80026,MB-3F05m,110846,test
80027,MB-3F05m,115928,test
80028,MB-3F05m,125038,test
80029,MB-3F05m,125190,test
80030,MB-3F05m,93164,test
80031,MB-3F05m,128873,test
80032,MB-3F05m,136388,test
80033,MB-3F05m,127030,test
80034,MB-3F05m,81749,test
80035,MB-3F05m,131190,test
80036,MB-3F05m,112721,test
80037,MB-3F05m,125817,test
80038,MB-3F05m,120165,test
80039,MB-3F05m,107349,test
80040,MB-3F05m,78967,test
80041,MB-3F05m,104775,test
80042,MB-3F05m,113656,test
80043,MB-3F05m,118788,test
80044,MB-3F05m,99581,test
80045,MB-3F05m,102911,test
80046,MB-3F05m,97665,test
80047,MB-3F05m,131073,test
80048,MB-3F05m,118839,test
80049,MB-3F05m,91744,test
81000,HH,56828,1
81001,HH,69831,1
81002,HH,52287,1
81003,HH,60775,1
81004,HH,53212,1
81005,HH,52694,1
81006,HH,51951,1
81007,HH,68685,1
81008,HH,51555,1
81009,HH,58407,1
81010,HH,42805,2
81011,HH,66303,2
81012,HH,74964,2
81013,HH,44923,2
81014,HH,65124,2
81015,HH,63622,2
81016,HH,57620,2
81017,HH,62448,2
81018,HH,88320,2
81019,HH,53433,2
81020,HH,45377,3
81021,HH,76117,3
81022,HH,57689,3
81023,HH,68246,3
81024,HH,38899,3
81025,HH,56391,3
81026,HH,59799,3
81027,HH,52014,3
81028,HH,89337,3
81029,HH,59751,3
81030,HH,53047,4
81031,HH,53427,4
81032,HH,58255,4
81033,HH,70011,4
81034,HH,55019,4
81035,HH,58856,4
81036,HH,56831,4
81037,HH,42258,4
81038,HH,69908,4
81039,HH,54131,4
81040,HH,59166,5
81041,HH,55697,5
81042,HH,49141,5
81043,HH,48680,5
81044,HH,59908,5
81045,HH,47384,5
81046,HH,27758,5
81047,HH,67877,5
81048,HH,52639,5
81049,HH,57483,5
82000,MB,100296,1
82001,MB,98632,1
82002,MB,116672,1
82003,MB,108706,1
82004,MB,94026,1
82005,MB,126201,1
82006,MB,125656,1
82007,MB,112248,1
82008,MB,95183,1
82009,MB,109142,1
82010,MB,93056,2
82011,MB,107690,2
82012,MB,119400,2
82013,MB,107239,2
82014,MB,11316,2
82015,MB,115095,2
82016,MB,126538,2
82017,MB,107095,2
82018,MB,129522,2
82019,MB,118251,2
82020,MB,82335,3
82021,MB,108714,3
82022,MB,94700,3
82023,MB,98682,3
82024,MB,113295,3
82025,MB,100143,3
82026,MB,86866,3
82027,MB,97555,3
82028,MB,83506,3
82029,MB,104017,3
82030,MB,117962,4
82031,MB,97313,4
82032,MB,88809,4
82033,MB,113812,4
82034,MB,111017,4
82035,MB,135450,4
82036,MB,95315,4
82037,MB,109724,4
82038,MB,104281,4
82039,MB,119221,4
82040,MB,117430,5
82041,MB,96778,5
82042,MB,101883,5
82043,MB,106322,5
82044,MB,123911,5
82045,MB,90894,5
82046,MB,92527,5
82047,MB,93405,5
82048,MB,99276,5
82049,MB,95896,5
83000,HH-3F07mfp,42446,test
83001,HH-3F07mfp,52851,test
83002,HH-3F07mfp,60688,test
83003,HH-3F07mfp,32257,test
83004,HH-3F07mfp,59749,test
83005,HH-3F07mfp,49331,test
83006,HH-3F07mfp,52564,test
83007,HH-3F07mfp,48176,test
83008,HH-3F07mfp,61457,test
83009,HH-3F07mfp,36231,test
83010,HH-3F07mfp,57205,test
83011,HH-3F07mfp,49221,test
83012,HH-3F07mfp,39119,test
83013,HH-3F07mfp,42948,test
83014,HH-3F07mfp,52099,test
83015,HH-3F07mfp,42907,test
83016,HH-3F07mfp,48050,test
83017,HH-3F07mfp,55831,test
83018,HH-3F07mfp,55330,test
83019,HH-3F07mfp,60526,test
83020,HH-3F07mfp,48751,test
83021,HH-3F07mfp,48556,test
83022,HH-3F07mfp,53760,test
83023,HH-3F07mfp,46530,test
83024,HH-3F07mfp,84616,test
83025,HH-3F07mfp,51808,test
83026,HH-3F07mfp,43856,test
83027,HH-3F07mfp,58747,test
83028,HH-3F07mfp,43572,test
83029,HH-3F07mfp,53394,test
83030,HH-3F07mfp,47528,test
83031,HH-3F07mfp,52579,test
83032,HH-3F07mfp,42780,test
83033,HH-3F07mfp,52955,test
83034,HH-3F07mfp,69221,test
83035,HH-3F07mfp,53801,test
83036,HH-3F07mfp,66894,test
83037,HH-3F07mfp,61567,test
83038,HH-3F07mfp,85738,test
83039,HH-3F07mfp,58122,test
83040,HH-3F07mfp,53045,test
83041,HH-3F07mfp,48313,test
83042,HH-3F07mfp,55509,test
83043,HH-3F07mfp,67528,test
83044,HH-3F07mfp,52484,test
83045,HH-3F07mfp,47114,test
83046,HH-3F07mfp,41511,test
83047,HH-3F07mfp,43589,test
83048,HH-3F07mfp,54950,test
83049,HH-3F07mfp,51370,test
84000,MB-3F07m,95280,test
84001,MB-3F07m,80605,test
84002,MB-3F07m,83100,test
84003,MB-3F07m,64631,test
84004,MB-3F07m,90898,test
84005,MB-3F07m,96057,test
84006,MB-3F07m,65156,test
84007,MB-3F07m,100634,test
84008,MB-3F07m,88608,test
84009,MB-3F07m,102676,test
84010,MB-3F07m,81083,test
84011,MB-3F07m,78484,test
84012,MB-3F07m,90588,test
84013,MB-3F07m,87623,test
84014,MB-3F07m,94009,test
84015,MB-3F07m,75785,test
84016,MB-3F07m,84281,test
84017,MB-3F07m,96798,test
84018,MB-3F07m,96062,test
84019,MB-3F07m,98304,test
84020,MB-3F07m,106650,test
84021,MB-3F07m,73979,test
84022,MB-3F07m,89692,test
84023,MB-3F07m,71743,test
84024,MB-3F07m,64866,test
84025,MB-3F07m,88742,test
84026,MB-3F07m,103365,test
84027,MB-3F07m,99374,test
84028,MB-3F07m,98701,test
84029,MB-3F07m,98156,test
84030,MB-3F07m,90550,test
84031,MB-3F07m,83533,test
84032,MB-3F07m,105406,test
84033,MB-3F07m,77850,test
84034,MB-3F07m,138240,test
84035,MB-3F07m,81449,test
84036,MB-3F07m,98573,test
84037,MB-3F07m,133703,test
84038,MB-3F07m,91813,test
84039,MB-3F07m,107239,test
84040,MB-3F07m,121242,test
84041,MB-3F07m,94472,test
84042,MB-3F07m,115753,test
84043,MB-3F07m,97563,test
84044,MB-3F07m,98156,test
84045,MB-3F07m,91486,test
84046,MB-3F07m,102923,test
84047,MB-3F07m,89046,test
84048,MB-3F07m,92100,test
84049,MB-3F07m,110318,test
85000,HH-3F08mfp,55889,test
85001,HH-3F08mfp,66540,test
85002,HH-3F08mfp,57492,test
85003,HH-3F08mfp,54805,test
85004,HH-3F08mfp,68082,test
85005,HH-3F08mfp,39686,test
85006,HH-3F08mfp,95279,test
85007,HH-3F08mfp,56586,test
85008,HH-3F08mfp,51905,test
85009,HH-3F08mfp,68635,test
85010,HH-3F08mfp,51719,test
85011,HH-3F08mfp,70164,test
85012,HH-3F08mfp,58367,test
85013,HH-3F08mfp,56490,test
85014,HH-3F08mfp,63733,test
85015,HH-3F08mfp,67699,test
85016,HH-3F08mfp,53110,test
85017,HH-3F08mfp,60856,test
85018,HH-3F08mfp,45604,test
85019,HH-3F08mfp,53411,test
85020,HH-3F08mfp,69106,test
85021,HH-3F08mfp,74790,test
85022,HH-3F08mfp,55340,test
85023,HH-3F08mfp,62868,test
85024,HH-3F08mfp,61360,test
85025,HH-3F08mfp,65018,test
85026,HH-3F08mfp,62046,test
85027,HH-3F08mfp,55643,test
85028,HH-3F08mfp,58092,test
85029,HH-3F08mfp,58122,test
85030,HH-3F08mfp,76883,test
85031,HH-3F08mfp,56151,test
85032,HH-3F08mfp,46696,test
85033,HH-3F08mfp,72247,test
85034,HH-3F08mfp,53313,test
85035,HH-3F08mfp,79263,test
85036,HH-3F08mfp,74263,test
85037,HH-3F08mfp,61868,test
85038,HH-3F08mfp,58986,test
85039,HH-3F08mfp,63026,test
85040,HH-3F08mfp,55588,test
85041,HH-3F08mfp,42553,test
85042,HH-3F08mfp,54303,test
85043,HH-3F08mfp,58599,test
85044,HH-3F08mfp,61248,test
85045,HH-3F08mfp,33705,test
85046,HH-3F08mfp,46937,test
85047,HH-3F08mfp,51028,test
85048,HH-3F08mfp,51156,test
85049,HH-3F08mfp,38606,test
86000,MB-3F08m,71882,test
86001,MB-3F08m,98178,test
86002,MB-3F08m,88186,test
86003,MB-3F08m,76224,test
86004,MB-3F08m,90038,test
86005,MB-3F08m,95152,test
86006,MB-3F08m,108211,test
86007,MB-3F08m,96089,test
86008,MB-3F08m,66528,test
86009,MB-3F08m,79970,test
86010,MB-3F08m,76163,test
86011,MB-3F08m,83023,test
86012,MB-3F08m,107479,test
86013,MB-3F08m,89126,test
86014,MB-3F08m,93313,test
86015,MB-3F08m,118140,test
86016,MB-3F08m,85241,test
86017,MB-3F08m,88541,test
86018,MB-3F08m,77772,test
86019,MB-3F08m,64770,test
86020,MB-3F08m,70675,test
86021,MB-3F08m,80715,test
86022,MB-3F08m,88490,test
86023,MB-3F08m,96841,test
86024,MB-3F08m,86502,test
86025,MB-3F08m,73185,test
86026,MB-3F08m,89242,test
86027,MB-3F08m,72078,test
86028,MB-3F08m,81283,test
86029,MB-3F08m,83442,test
86030,MB-3F08m,87208,test
86031,MB-3F08m,89277,test
86032,MB-3F08m,76308,test
86033,MB-3F08m,87142,test
86034,MB-3F08m,88575,test
86035,MB-3F08m,89566,test
86036,MB-3F08m,115773,test
86037,MB-3F08m,76264,test
86038,MB-3F08m,90278,test
86039,MB-3F08m,63532,test
86040,MB-3F08m,93899,test
86041,MB-3F08m,82568,test
86042,MB-3F08m,88009,test
86043,MB-3F08m,95481,test
86044,MB-3F08m,89706,test
86045,MB-3F08m,89761,test
86046,MB-3F08m,94221,test
86047,MB-3F08m,104960,test
86048,MB-3F08m,119226,test
86049,MB-3F08m,93313,test
87000,HH-3F09mfp,70780,test
87001,HH-3F09mfp,61106,test
87002,HH-3F09mfp,69210,test
87003,HH-3F09mfp,88845,test
87004,HH-3F09mfp,96234,test
87005,HH-3F09mfp,77196,test
87006,HH-3F09mfp,56840,test
87007,HH-3F09mfp,75130,test
87008,HH-3F09mfp,57015,test
87009,HH-3F09mfp,63062,test
87010,HH-3F09mfp,76992,test
87011,HH-3F09mfp,63978,test
87012,HH-3F09mfp,70111,test
87013,HH-3F09mfp,86690,test
87014,HH-3F09mfp,59710,test
87015,HH-3F09mfp,70318,test
87016,HH-3F09mfp,84597,test
87017,HH-3F09mfp,61611,test
87018,HH-3F09mfp,57085,test
87019,HH-3F09mfp,68809,test
87020,HH-3F09mfp,65240,test
87021,HH-3F09mfp,64537,test
87022,HH-3F09mfp,71869,test
87023,HH-3F09mfp,79913,test
87024,HH-3F09mfp,75367,test
87025,HH-3F09mfp,75430,test
87026,HH-3F09mfp,82819,test
87027,HH-3F09mfp,65978,test
87028,HH-3F09mfp,63199,test
87029,HH-3F09mfp,78302,test
87030,HH-3F09mfp,62685,test
87031,HH-3F09mfp,73063,test
87032,HH-3F09mfp,80148,test
87033,HH-3F09mfp,73120,test
87034,HH-3F09mfp,58907,test
87035,HH-3F09mfp,71392,test
87036,HH-3F09mfp,71535,test
87037,HH-3F09mfp,73593,test
87038,HH-3F09mfp,82502,test
87039,HH-3F09mfp,74777,test
87040,HH-3F09mfp,65069,test
87041,HH-3F09mfp,71851,test
87042,HH-3F09mfp,101530,test
87043,HH-3F09mfp,57377,test
87044,HH-3F09mfp,57989,test
87045,HH-3F09mfp,74907,test
87046,HH-3F09mfp,57944,test
87047,HH-3F09mfp,59604,test
87048,HH-3F09mfp,55982,test
87049,HH-3F09mfp,61439,test
88000,MB-3F09m,99609,test
88001,MB-3F09m,88539,test
88002,MB-3F09m,81676,test
88003,MB-3F09m,90167,test
88004,MB-3F09m,80747,test
88005,MB-3F09m,79558,test
88006,MB-3F09m,84373,test
88007,MB-3F09m,87178,test
88008,MB-3F09m,69335,test
88009,MB-3F09m,92927,test
88010,MB-3F09m,103050,test
88011,MB-3F09m,79221,test
88012,MB-3F09m,95004,test
88013,MB-3F09m,78809,test
88014,MB-3F09m,67307,test
88015,MB-3F09m,86656,test
88016,MB-3F09m,96057,test
88017,MB-3F09m,81842,test
88018,MB-3F09m,75139,test
88019,MB-3F09m,77002,test
88020,MB-3F09m,85001,test
88021,MB-3F09m,90588,test
88022,MB-3F09m,71349,test
88023,MB-3F09m,86766,test
88024,MB-3F09m,87047,test
88025,MB-3F09m,91725,test
88026,MB-3F09m,90433,test
88027,MB-3F09m,91595,test
88028,MB-3F09m,96921,test
88029,MB-3F09m,97113,test
88030,MB-3F09m,86170,test
88031,MB-3F09m,88742,test
88032,MB-3F09m,92173,test
88033,MB-3F09m,110889,test
88034,MB-3F09m,78543,test
88035,MB-3F09m,81736,test
88036,MB-3F09m,68635,test
88037,MB-3F09m,64569,test
88038,MB-3F09m,77639,test
88039,MB-3F09m,95736,test
88040,MB-3F09m,88704,test
88041,MB-3F09m,85849,test
88042,MB-3F09m,84064,test
88043,MB-3F09m,81635,test
88044,MB-3F09m,91657,test
88045,MB-3F09m,78788,test
88046,MB-3F09m,67659,test
88047,MB-3F09m,86083,test
88048,MB-3F09m,71851,test
88049,MB-3F09m,72282,test
89000,HH-3F10mfp,71904,test
89001,HH-3F10mfp,74491,test
89002,HH-3F10mfp,79871,test
89003,HH-3F10mfp,68406,test
89004,HH-3F10mfp,95896,test
89005,HH-3F10mfp,48100,test
89006,HH-3F10mfp,57262,test
89007,HH-3F10mfp,64488,test
89008,HH-3F10mfp,60962,test
89009,HH-3F10mfp,72624,test
89010,HH-3F10mfp,50923,test
89011,HH-3F10mfp,60919,test
89012,HH-3F10mfp,73728,test
89013,HH-3F10mfp,64929,test
89014,HH-3F10mfp,65736,test
89015,HH-3F10mfp,45084,test
89016,HH-3F10mfp,80268,test
89017,HH-3F10mfp,61321,test
89018,HH-3F10mfp,59811,test
89019,HH-3F10mfp,60919,test
89020,HH-3F10mfp,66518,test
89021,HH-3F10mfp,50830,test
89022,HH-3F10mfp,45512,test
89023,HH-3F10mfp,61368,test
89024,HH-3F10mfp,59786,test
89025,HH-3F10mfp,75078,test
89026,HH-3F10mfp,57341,test
89027,HH-3F10mfp,70707,test
89028,HH-3F10mfp,76253,test
89029,HH-3F10mfp,73047,test
89030,HH-3F10mfp,65554,test
89031,HH-3F10mfp,88797,test
89032,HH-3F10mfp,65217,test
89033,HH-3F10mfp,64692,test
89034,HH-3F10mfp,61855,test
89035,HH-3F10mfp,59308,test
89036,HH-3F10mfp,74166,test
89037,HH-3F10mfp,54544,test
89038,HH-3F10mfp,82510,test
89039,HH-3F10mfp,74948,test
89040,HH-3F10mfp,65311,test
89041,HH-3F10mfp,56126,test
89042,HH-3F10mfp,78844,test
89043,HH-3F10mfp,84361,test
89044,HH-3F10mfp,83110,test
89045,HH-3F10mfp,69618,test
89046,HH-3F10mfp,52863,test
89047,HH-3F10mfp,64365,test
89048,HH-3F10mfp,50860,test
89049,HH-3F10mfp,76094,test
90000,MB-3F10m,72611,test
90001,MB-3F10m,79226,test
90002,MB-3F10m,80148,test
90003,MB-3F10m,72352,test
90004,MB-3F10m,76147,test
90005,MB-3F10m,95682,test
90006,MB-3F10m,73487,test
90007,MB-3F10m,82731,test
90008,MB-3F10m,78481,test
90009,MB-3F10m,86608,test
90010,MB-3F10m,74176,test
90011,MB-3F10m,66382,test
90012,MB-3F10m,88917,test
90013,MB-3F10m,82552,test
90014,MB-3F10m,88720,test
90015,MB-3F10m,83676,test
90016,MB-3F10m,103955,test
90017,MB-3F10m,96809,test
90018,MB-3F10m,68955,test
90019,MB-3F10m,81445,test
90020,MB-3F10m,91634,test
90021,MB-3F10m,84951,test
90022,MB-3F10m,82878,test
90023,MB-3F10m,79478,test
90024,MB-3F10m,93148,test
90025,MB-3F10m,77344,test
90026,MB-3F10m,72945,test
90027,MB-3F10m,85088,test
90028,MB-3F10m,70171,test
90029,MB-3F10m,86615,test
90030,MB-3F10m,75720,test
90031,MB-3F10m,91177,test
90032,MB-3F10m,84732,test
90033,MB-3F10m,64049,test
90034,MB-3F10m,48690,test
90035,MB-3F10m,73063,test
90036,MB-3F10m,65266,test
90037,MB-3F10m,109556,test
90038,MB-3F10m,82030,test
90039,MB-3F10m,84803,test
90040,MB-3F10m,77381,test
90041,MB-3F10m,89342,test
90042,MB-3F10m,68497,test
90043,MB-3F10m,81022,test
90044,MB-3F10m,97457,test
90045,MB-3F10m,87676,test
90046,MB-3F10m,85278,test
90047,MB-3F10m,61205,test
90048,MB-3F10m,61060,test
90049,MB-3F10m,97761,test
91000,HH-3F11mfp,49846,test
91001,HH-3F11mfp,49804,test
91002,HH-3F11mfp,49397,test
91003,HH-3F11mfp,48912,test
91004,HH-3F11mfp,47643,test
91005,HH-3F11mfp,54536,test
91006,HH-3F11mfp,45042,test
91007,HH-3F11mfp,55182,test
91008,HH-3F11mfp,69618,test
91009,HH-3F11mfp,51294,test
91010,HH-3F11mfp,48461,test
91011,HH-3F11mfp,68539,test
91012,HH-3F11mfp,53192,test
91013,HH-3F11mfp,51423,test
91014,HH-3F11mfp,63308,test
91015,HH-3F11mfp,49990,test
91016,HH-3F11mfp,53552,test
91017,HH-3F11mfp,56965,test
91018,HH-3F11mfp,55180,test
91019,HH-3F11mfp,48491,test
91020,HH-3F11mfp,63334,test
91021,HH-3F11mfp,32449,test
91022,HH-3F11mfp,50500,test
91023,HH-3F11mfp,58842,test
91024,HH-3F11mfp,55005,test
91025,HH-3F11mfp,64510,test
91026,HH-3F11mfp,56203,test
91027,HH-3F11mfp,59613,test
91028,HH-3F11mfp,52913,test
91029,HH-3F11mfp,58846,test
91030,HH-3F11mfp,62910,test
91031,HH-3F11mfp,43506,test
91032,HH-3F11mfp,54254,test
91033,HH-3F11mfp,52444,test
91034,HH-3F11mfp,56458,test
91035,HH-3F11mfp,44664,test
91036,HH-3F11mfp,59484,test
91037,HH-3F11mfp,67594,test
91038,HH-3F11mfp,51682,test
91039,HH-3F11mfp,56056,test
91040,HH-3F11mfp,51638,test
91041,HH-3F11mfp,50859,test
91042,HH-3F11mfp,47044,test
91043,HH-3F11mfp,51144,test
91044,HH-3F11mfp,61802,test
91045,HH-3F11mfp,50129,test
91046,HH-3F11mfp,43553,test
91047,HH-3F11mfp,53313,test
91048,HH-3F11mfp,39834,test
91049,HH-3F11mfp,51476,test
92000,MB-3F11m,88823,test
92001,MB-3F11m,71827,test
92002,MB-3F11m,70278,test
92003,MB-3F11m,102318,test
92004,MB-3F11m,82845,test
92005,MB-3F11m,76289,test
92006,MB-3F11m,77659,test
92007,MB-3F11m,77393,test
92008,MB-3F11m,110748,test
92009,MB-3F11m,66366,test
92010,MB-3F11m,95442,test
92011,MB-3F11m,96838,test
92012,MB-3F11m,77499,test
92013,MB-3F11m,108783,test
92014,MB-3F11m,108430,test
92015,MB-3F11m,109963,test
92016,MB-3F11m,90965,test
92017,MB-3F11m,101799,test
92018,MB-3F11m,75323,test
92019,MB-3F11m,125014,test
92020,MB-3F11m,94312,test
92021,MB-3F11m,95000,test
92022,MB-3F11m,69867,test
92023,MB-3F11m,95639,test
92024,MB-3F11m,82348,test
92025,MB-3F11m,79982,test
92026,MB-3F11m,75406,test
92027,MB-3F11m,88035,test
92028,MB-3F11m,79877,test
92029,MB-3F11m,97571,test
92030,MB-3F11m,79567,test
92031,MB-3F11m,71698,test
92032,MB-3F11m,77201,test
92033,MB-3F11m,80173,test
92034,MB-3F11m,83511,test
92035,MB-3F11m,103912,test
92036,MB-3F11m,82878,test
92037,MB-3F11m,99669,test
92038,MB-3F11m,93896,test
92039,MB-3F11m,86690,test
92040,MB-3F11m,104115,test
92041,MB-3F11m,94157,test
92042,MB-3F11m,85132,test
92043,MB-3F11m,83986,test
92044,MB-3F11m,110155,test
92045,MB-3F11m,88208,test
92046,MB-3F11m,91695,test
92047,MB-3F11m,69755,test
92048,MB-3F11m,85162,test
92049,MB-3F11m,81477,test
93000,HH,59895,1
93001,HH,52462,1
93002,HH,54050,1
93003,HH,52623,1
93004,HH,64666,1
93005,HH,42512,1
93006,HH,48076,1
93007,HH,38087,1
93008,HH,49434,1
93009,HH,77900,1
93010,HH,43490,2
93011,HH,67714,2
93012,HH,49838,2
93013,HH,50164,2
93014,HH,59631,2
93015,HH,70227,2
93016,HH,54625,2
93017,HH,55738,2
93018,HH,49829,2
93019,HH,62341,2
93020,HH,45171,3
93021,HH,57122,3
93022,HH,58652,3
93023,HH,31235,3
93024,HH,74012,3
93025,HH,46309,3
93026,HH,47720,3
93027,HH,41555,3
93028,HH,43292,3
93029,HH,46406,3
93030,HH,64144,4
93031,HH,53196,4
93032,HH,48922,4
93033,HH,44795,4
93034,HH,52957,4
93035,HH,73336,4
93036,HH,66395,4
93037,HH,57283,4
93038,HH,60319,4
93039,HH,58243,4
93040,HH,46472,5
93041,HH,67251,5
93042,HH,44712,5
93043,HH,103607,5
93044,HH,56869,5
93045,HH,72215,5
93046,HH,56928,5
93047,HH,65192,5
93048,HH,53907,5
93049,HH,62837,5
94000,MB,72020,1
94001,MB,83100,1
94002,MB,70889,1
94003,MB,78027,1
94004,MB,76200,1
94005,MB,70723,1
94006,MB,70857,1
94007,MB,75969,1
94008,MB,93077,1
94009,MB,63432,1
94010,MB,75442,2
94011,MB,74033,2
94012,MB,108855,2
94013,MB,95184,2
94014,MB,72141,2
94015,MB,65472,2
94016,MB,70273,2
94017,MB,97604,2
94018,MB,62000,2
94019,MB,78688,2
94020,MB,69904,3
94021,MB,62981,3
94022,MB,61466,3
94023,MB,74819,3
94024,MB,77934,3
94025,MB,70546,3
94026,MB,61024,3
94027,MB,73828,3
94028,MB,95191,3
94029,MB,64124,3
94030,MB,55638,4
94031,MB,73767,4
94032,MB,75815,4
94033,MB,61176,4
94034,MB,60544,4
94035,MB,75070,4
94036,MB,63780,4
94037,MB,73656,4
94038,MB,85323,4
94039,MB,57624,4
94040,MB,68808,5
94041,MB,75109,5
94042,MB,77195,5
94043,MB,83027,5
94044,MB,78404,5
94045,MB,79350,5
94046,MB,69831,5
94047,MB,62336,5
94048,MB,73886,5
94049,MB,75205,5
