track_id,type_position,type,position,split_type,split_position,event_start_s,event_end_s
0,MB-1F00m,MB,1F00m,,,1.8,2
1,MB-1F00m,MB,1F00m,,,1.6,1.85
2,MB-1F00m,MB,1F00m,,,1.88,2.09
3,MB-1F00m,MB,1F00m,,,1.81,2.07
4,MB-1F00m,MB,1F00m,,,2.2,2.4
5,MB-1F00m,MB,1F00m,,,2.2,2.46
6,MB-1F00m,MB,1F00m,,,2.2,2.39
7,MB-1F00m,MB,1F00m,,,2.08,2.26
8,MB-1F00m,MB,1F00m,,,2.39,2.58
9,MB-1F00m,MB,1F00m,,,2.15,2.32
10,MB-1F00m,MB,1F00m,,,1.9,2.1
11,MB-1F00m,MB,1F00m,,,2.26,2.44
12,MB-1F00m,MB,1F00m,,,2.35,2.55
13,MB-1F00m,MB,1F00m,,,2.38,2.56
14,MB-1F00m,MB,1F00m,,,2.48,2.67
15,MB-1F00m,MB,1F00m,,,2,2.24
16,MB-1F00m,MB,1F00m,,,2.17,2.37
17,MB-1F00m,MB,1F00m,,,2.12,2.34
18,MB-1F00m,MB,1F00m,,,2.12,2.38
19,MB-1F00m,MB,1F00m,,,2.02,2.26
20,MB-1F00m,MB,1F00m,,,2.77,2.99
21,MB-1F00m,MB,1F00m,,,2.04,2.22
22,MB-1F00m,MB,1F00m,,,2.27,2.46
23,MB-1F00m,MB,1F00m,,,2.04,2.24
24,MB-1F00m,MB,1F00m,,,1.97,2.18
25,MB-1F00m,MB,1F00m,,,2.08,2.31
26,MB-1F00m,MB,1F00m,,,2.46,2.63
27,MB-1F00m,MB,1F00m,,,1.89,2.1
28,MB-1F00m,MB,1F00m,,,2.01,2.2
29,MB-1F00m,MB,1F00m,,,2.45,2.7
30,MB-1F00m,MB,1F00m,,,2.54,2.82
31,MB-1F00m,MB,1F00m,,,2.4,2.63
32,MB-1F00m,MB,1F00m,,,1.87,2.15
33,MB-1F00m,MB,1F00m,,,1.94,2.23
34,MB-1F00m,MB,1F00m,,,2.14,2.4
35,MB-1F00m,MB,1F00m,,,1.99,2.19
36,MB-1F00m,MB,1F00m,,,2.14,2.4
37,MB-1F00m,MB,1F00m,,,2.1,2.41
38,MB-1F00m,MB,1F00m,,,2,2.29
39,MB-1F00m,MB,1F00m,,,2.17,2.42
40,MB-1F00m,MB,1F00m,,,2.07,2.26
41,MB-1F00m,MB,1F00m,,,1.75,1.97
42,MB-1F00m,MB,1F00m,,,2,2.2
43,MB-1F00m,MB,1F00m,,,2.16,2.38
44,MB-1F00m,MB,1F00m,,,2.22,2.48
45,MB-1F00m,MB,1F00m,,,2.16,2.39
46,MB-1F00m,MB,1F00m,,,2.37,2.63
47,MB-1F00m,MB,1F00m,,,1.75,2.03
48,MB-1F00m,MB,1F00m,,,1.944,2.25
49,MB-1F00m,MB,1F00m,,,1.87,2.2
1000,MB-1F06m,MB,1F06m,,,1.75,2.09
1001,MB-1F06m,MB,1F06m,,,1.807,2.12
1002,MB-1F06m,MB,1F06m,,,1.78,1.99
1003,MB-1F06m,MB,1F06m,,,1.94,2.13
1004,MB-1F06m,MB,1F06m,,,2.09,2.37
1005,MB-1F06m,MB,1F06m,,,1.82,2
1006,MB-1F06m,MB,1F06m,,,1.95,2.2
1007,MB-1F06m,MB,1F06m,,,1.89,2.2
1008,MB-1F06m,MB,1F06m,,,1.87,2.16
1009,MB-1F06m,MB,1F06m,,,2.1,2.5
1010,MB-1F06m,MB,1F06m,,,2.2,2.5
1011,MB-1F06m,MB,1F06m,,,1.93,2.2
1012,MB-1F06m,MB,1F06m,,,1.7,1.96
1013,MB-1F06m,MB,1F06m,,,2.1,2.4
1014,MB-1F06m,MB,1F06m,,,2.38,2.7
1015,MB-1F06m,MB,1F06m,,,2.1,2.4
1016,MB-1F06m,MB,1F06m,,,1.925,2.23
1017,MB-1F06m,MB,1F06m,,,2.09,2.39
1018,MB-1F06m,MB,1F06m,,,2.26,2.58
1019,MB-1F06m,MB,1F06m,,,2.17,2.49
1020,MB-1F06m,MB,1F06m,,,1.95,2.26
1021,MB-1F06m,MB,1F06m,,,2.04,2.43
1022,MB-1F06m,MB,1F06m,,,2.09,2.45
1023,MB-1F06m,MB,1F06m,,,2.13,2.44
1024,MB-1F06m,MB,1F06m,,,2.14,2.47
1025,MB-1F06m,MB,1F06m,,,2.11,2.43
1026,MB-1F06m,MB,1F06m,,,2.14,2.47
1027,MB-1F06m,MB,1F06m,,,2.3,2.62
1028,MB-1F06m,MB,1F06m,,,2,2.36
1029,MB-1F06m,MB,1F06m,,,2.17,2.53
1030,MB-1F06m,MB,1F06m,,,2.17,2.5
1031,MB-1F06m,MB,1F06m,,,2.19,2.55
1032,MB-1F06m,MB,1F06m,,,2.3,2.64
1033,MB-1F06m,MB,1F06m,,,2.28,2.66
1034,MB-1F06m,MB,1F06m,,,2.23,2.59
1035,MB-1F06m,MB,1F06m,,,2.12,2.46
1036,MB-1F06m,MB,1F06m,,,2.26,2.61
1037,MB-1F06m,MB,1F06m,,,1.74,2.04
1038,MB-1F06m,MB,1F06m,,,2.14,2.49
1039,MB-1F06m,MB,1F06m,,,2.1,2.47
1040,MB-1F06m,MB,1F06m,,,2.08,2.43
1041,MB-1F06m,MB,1F06m,,,2.09,2.39
1042,MB-1F06m,MB,1F06m,,,2.12,2.47
1043,MB-1F06m,MB,1F06m,,,2.08,2.41
1044,MB-1F06m,MB,1F06m,,,2.15,2.48
1045,MB-1F06m,MB,1F06m,,,1.93,2.33
1046,MB-1F06m,MB,1F06m,,,1.72,2.08
1047,MB-1F06m,MB,1F06m,,,1.88,2.32
1048,MB-1F06m,MB,1F06m,,,2.11,2.45
1049,MB-1F06m,MB,1F06m,,,1.92,2.28
2000,MB-1F12m,MB,1F12m,,,1.96,2.36
2001,MB-1F12m,MB,1F12m,,,2.14,2.48
2002,MB-1F12m,MB,1F12m,,,2.12,2.49
2003,MB-1F12m,MB,1F12m,,,1.83,2.18
2004,MB-1F12m,MB,1F12m,,,2.09,2.5
2005,MB-1F12m,MB,1F12m,,,1.78,2.145
2006,MB-1F12m,MB,1F12m,,,2.14,2.4
2007,MB-1F12m,MB,1F12m,,,2.13,2.5
2008,MB-1F12m,MB,1F12m,,,2.13,2.39
2009,MB-1F12m,MB,1F12m,,,2.12,2.58
2010,MB-1F12m,MB,1F12m,,,1.93,2.35
2011,MB-1F12m,MB,1F12m,,,2.27,2.68
2012,MB-1F12m,MB,1F12m,,,1.69,2.17
2013,MB-1F12m,MB,1F12m,,,2.2,2.58
2014,MB-1F12m,MB,1F12m,,,2.1,2.56
2015,MB-1F12m,MB,1F12m,,,2.11,2.45
2016,MB-1F12m,MB,1F12m,,,2.05,2.38
2017,MB-1F12m,MB,1F12m,,,2.09,2.5
2018,MB-1F12m,MB,1F12m,,,2.06,2.43
2019,MB-1F12m,MB,1F12m,,,1.71,2.04
2020,MB-1F12m,MB,1F12m,,,1.9,2.4
2021,MB-1F12m,MB,1F12m,,,2.1,2.5
2022,MB-1F12m,MB,1F12m,,,2.3,2.7
2023,MB-1F12m,MB,1F12m,,,1.97,2.5
2024,MB-1F12m,MB,1F12m,,,1.8,2.1
2025,MB-1F12m,MB,1F12m,,,1.95,2.28
2026,MB-1F12m,MB,1F12m,,,1.93,2.29
2027,MB-1F12m,MB,1F12m,,,1.7,2.1
2028,MB-1F12m,MB,1F12m,,,1.6,2.2
2029,MB-1F12m,MB,1F12m,,,1.69,2.1
2030,MB-1F12m,MB,1F12m,,,1.58,1.93
2031,MB-1F12m,MB,1F12m,,,1.98,2.39
2032,MB-1F12m,MB,1F12m,,,1.7,2.06
2033,MB-1F12m,MB,1F12m,,,1.8,2.1
2034,MB-1F12m,MB,1F12m,,,1.8,2.3
2035,MB-1F12m,MB,1F12m,,,1.9,2.3
2036,MB-1F12m,MB,1F12m,,,1.9,2.3
2037,MB-1F12m,MB,1F12m,,,1.9,2.27
2038,MB-1F12m,MB,1F12m,,,2.1,2.4
2039,MB-1F12m,MB,1F12m,,,2.18,2.6
2040,MB-1F12m,MB,1F12m,,,2.1,2.5
2041,MB-1F12m,MB,1F12m,,,1.99,2.4
2042,MB-1F12m,MB,1F12m,,,2.06,2.47
2043,MB-1F12m,MB,1F12m,,,2.02,2.55
2044,MB-1F12m,MB,1F12m,,,2.11,2.6
2045,MB-1F12m,MB,1F12m,,,1.85,2.25
2046,MB-1F12m,MB,1F12m,,,2.07,2.48
2047,MB-1F12m,MB,1F12m,,,2.07,2.48
2048,MB-1F12m,MB,1F12m,,,2,2.5
2049,MB-1F12m,MB,1F12m,,,2.04,2.37
3000,MB-2F00m,MB,2F00m,,,1.7,2.3
3001,MB-2F00m,MB,2F00m,,,2.13,2.59
3002,MB-2F00m,MB,2F00m,,,2.01,2.58
3003,MB-2F00m,MB,2F00m,,,2.08,2.66
3004,MB-2F00m,MB,2F00m,,,1.93,2.55
3005,MB-2F00m,MB,2F00m,,,1.99,2.63
3006,MB-2F00m,MB,2F00m,,,1.9,2.5
3007,MB-2F00m,MB,2F00m,,,1.88,2.42
3008,MB-2F00m,MB,2F00m,,,1.79,2.36
3009,MB-2F00m,MB,2F00m,,,1.67,2.19
3010,MB-2F00m,MB,2F00m,,,1.85,2.47
3011,MB-2F00m,MB,2F00m,,,1.71,2.31
3012,MB-2F00m,MB,2F00m,,,1.79,2.31
3013,MB-2F00m,MB,2F00m,,,1.8,2.44
3014,MB-2F00m,MB,2F00m,,,1.86,2.44
3015,MB-2F00m,MB,2F00m,,,2.02,2.74
3016,MB-2F00m,MB,2F00m,,,2.06,2.59
3017,MB-2F00m,MB,2F00m,,,2.1,2.63
3018,MB-2F00m,MB,2F00m,,,1.71,2.22
3019,MB-2F00m,MB,2F00m,,,1.87,2.4
3020,MB-2F00m,MB,2F00m,,,1.69,2.21
3021,MB-2F00m,MB,2F00m,,,1.65,2.2
3022,MB-2F00m,MB,2F00m,,,1.84,2.4
3023,MB-2F00m,MB,2F00m,,,1.72,2.2
3024,MB-2F00m,MB,2F00m,,,2.06,2.75
3025,MB-2F00m,MB,2F00m,,,2.15,2.72
3026,MB-2F00m,MB,2F00m,,,1.65,2.22
3027,MB-2F00m,MB,2F00m,,,1.73,2.18
3028,MB-2F00m,MB,2F00m,,,1.66,2.08
3029,MB-2F00m,MB,2F00m,,,1.84,2.32
3030,MB-2F00m,MB,2F00m,,,1.71,2.25
3031,MB-2F00m,MB,2F00m,,,2.45,3.06
3032,MB-2F00m,MB,2F00m,,,2,2.67
3033,MB-2F00m,MB,2F00m,,,2.07,2.69
3034,MB-2F00m,MB,2F00m,,,1.91,2.46
3035,MB-2F00m,MB,2F00m,,,1.86,2.36
3036,MB-2F00m,MB,2F00m,,,1.89,2.53
3037,MB-2F00m,MB,2F00m,,,2.04,2.55
3038,MB-2F00m,MB,2F00m,,,1.84,2.4
3039,MB-2F00m,MB,2F00m,,,2.21,2.8
3040,MB-2F00m,MB,2F00m,,,2.08,2.649
3041,MB-2F00m,MB,2F00m,,,2.23,2.76
3042,MB-2F00m,MB,2F00m,,,2.1,2.64
3043,MB-2F00m,MB,2F00m,,,1.79,2.33
3044,MB-2F00m,MB,2F00m,,,1.79,2.32
3045,MB-2F00m,MB,2F00m,,,1.78,2.4
3046,MB-2F00m,MB,2F00m,,,2.18,2.81
3047,MB-2F00m,MB,2F00m,,,1.86,2.42
3048,MB-2F00m,MB,2F00m,,,2.13,2.71
3049,MB-2F00m,MB,2F00m,,,2.3,2.86
4000,MB-2F06m,MB,2F06m,,,1.7,2.31
4001,MB-2F06m,MB,2F06m,,,1.83,2.39
4002,MB-2F06m,MB,2F06m,,,1.94,2.46
4003,MB-2F06m,MB,2F06m,,,1.93,2.44
4004,MB-2F06m,MB,2F06m,,,2.1,2.67
4005,MB-2F06m,MB,2F06m,,,2,2.63
4006,MB-2F06m,MB,2F06m,,,1.85,2.44
4007,MB-2F06m,MB,2F06m,,,1.85,2.45
4008,MB-2F06m,MB,2F06m,,,1.99,2.56
4009,MB-2F06m,MB,2F06m,,,1.845,2.37
4010,MB-2F06m,MB,2F06m,,,1.98,2.57
4011,MB-2F06m,MB,2F06m,,,2.09,2.65
4012,MB-2F06m,MB,2F06m,,,2.15,2.65
4013,MB-2F06m,MB,2F06m,,,2.16,2.76
4014,MB-2F06m,MB,2F06m,,,2.27,2.8
4015,MB-2F06m,MB,2F06m,,,1.83,2.44
4016,MB-2F06m,MB,2F06m,,,1.77,2.32
4017,MB-2F06m,MB,2F06m,,,2,2.55
4018,MB-2F06m,MB,2F06m,,,1.85,2.33
4019,MB-2F06m,MB,2F06m,,,1.82,2.39
4020,MB-2F06m,MB,2F06m,,,1.95,2.43
4021,MB-2F06m,MB,2F06m,,,1.81,2.32
4022,MB-2F06m,MB,2F06m,,,2.12,2.71
4023,MB-2F06m,MB,2F06m,,,2.03,2.64
4024,MB-2F06m,MB,2F06m,,,1.97,2.66
4025,MB-2F06m,MB,2F06m,,,1.97,2.57
4026,MB-2F06m,MB,2F06m,,,1.98,2.55
4027,MB-2F06m,MB,2F06m,,,1.81,2.43
4028,MB-2F06m,MB,2F06m,,,2.04,2.7
4029,MB-2F06m,MB,2F06m,,,1.57,2.23
4030,MB-2F06m,MB,2F06m,,,1.89,2.45
4031,MB-2F06m,MB,2F06m,,,1.944,2.52
4032,MB-2F06m,MB,2F06m,,,2.09,2.78
4033,MB-2F06m,MB,2F06m,,,2.22,2.87
4034,MB-2F06m,MB,2F06m,,,1.9,2.47
4035,MB-2F06m,MB,2F06m,,,1.89,2.44
4036,MB-2F06m,MB,2F06m,,,1.96,2.644
4037,MB-2F06m,MB,2F06m,,,1.75,2.4
4038,MB-2F06m,MB,2F06m,,,1.65,2.2
4039,MB-2F06m,MB,2F06m,,,1.84,2.4
4040,MB-2F06m,MB,2F06m,,,1.87,2.43
4041,MB-2F06m,MB,2F06m,,,2.25,2.83
4042,MB-2F06m,MB,2F06m,,,1.84,2.38
4043,MB-2F06m,MB,2F06m,,,1.91,2.51
4044,MB-2F06m,MB,2F06m,,,1.87,2.45
4045,MB-2F06m,MB,2F06m,,,1.71,2.18
4046,MB-2F06m,MB,2F06m,,,1.74,2.33
4047,MB-2F06m,MB,2F06m,,,2.03,2.6
4048,MB-2F06m,MB,2F06m,,,1.76,2.31
4049,MB-2F06m,MB,2F06m,,,1.75,2.3
5000,MB-2F12m,MB,2F12m,,,2.09,2.62
5001,MB-2F12m,MB,2F12m,,,2.23,2.7
5002,MB-2F12m,MB,2F12m,,,2,2.57
5003,MB-2F12m,MB,2F12m,,,2,2.51
5004,MB-2F12m,MB,2F12m,,,2.33,2.81
5005,MB-2F12m,MB,2F12m,,,2.43,2.89
5006,MB-2F12m,MB,2F12m,,,1.81,2.28
5007,MB-2F12m,MB,2F12m,,,2.34,2.88
5008,MB-2F12m,MB,2F12m,,,2.04,2.53
5009,MB-2F12m,MB,2F12m,,,2.22,2.62
5010,MB-2F12m,MB,2F12m,,,2.24,2.79
5011,MB-2F12m,MB,2F12m,,,2.13,2.71
5012,MB-2F12m,MB,2F12m,,,2.36,2.86
5013,MB-2F12m,MB,2F12m,,,2.35,2.97
5014,MB-2F12m,MB,2F12m,,,2.62,3.12
5015,MB-2F12m,MB,2F12m,,,1.52,1.98
5016,MB-2F12m,MB,2F12m,,,1.5,2.02
5017,MB-2F12m,MB,2F12m,,,2.28,2.82
5018,MB-2F12m,MB,2F12m,,,2.1,2.54
5019,MB-2F12m,MB,2F12m,,,2.18,2.78
5020,MB-2F12m,MB,2F12m,,,1.83,2.41
5021,MB-2F12m,MB,2F12m,,,1.87,2.57
5022,MB-2F12m,MB,2F12m,,,2.13,2.6
5023,MB-2F12m,MB,2F12m,,,1.77,2.22
5024,MB-2F12m,MB,2F12m,,,2.77,3.22
5025,MB-2F12m,MB,2F12m,,,1.57,2.27
5026,MB-2F12m,MB,2F12m,,,1.74,2.37
5027,MB-2F12m,MB,2F12m,,,1.78,2.28
5028,MB-2F12m,MB,2F12m,,,2.11,2.66
5029,MB-2F12m,MB,2F12m,,,1.72,2.3
5030,MB-2F12m,MB,2F12m,,,1.65,2.3
5031,MB-2F12m,MB,2F12m,,,2.35,2.8
5032,MB-2F12m,MB,2F12m,,,2,2.5
5033,MB-2F12m,MB,2F12m,,,1.55,2.22
5034,MB-2F12m,MB,2F12m,,,1.6,2.26
5035,MB-2F12m,MB,2F12m,,,2.16,2.78
5036,MB-2F12m,MB,2F12m,,,2.16,2.75
5037,MB-2F12m,MB,2F12m,,,1.96,2.47
5038,MB-2F12m,MB,2F12m,,,1.38,2.04
5039,MB-2F12m,MB,2F12m,,,2.36,2.9
5040,MB-2F12m,MB,2F12m,,,2.13,2.67
5041,MB-2F12m,MB,2F12m,,,2.1,2.62
5042,MB-2F12m,MB,2F12m,,,1.94,2.42
5043,MB-2F12m,MB,2F12m,,,2.29,2.82
5044,MB-2F12m,MB,2F12m,,,2.11,2.66
5045,MB-2F12m,MB,2F12m,,,2.2,2.71
5046,MB-2F12m,MB,2F12m,,,2.4,2.9
5047,MB-2F12m,MB,2F12m,,,2.14,2.65
5048,MB-2F12m,MB,2F12m,,,2.25,2.74
5049,MB-2F12m,MB,2F12m,,,1.86,2.42
9000,HD-1F00m,HD,1F00m,,,1.7,2.4
9001,HD-1F00m,HD,1F00m,,,1.98,3.14
9002,HD-1F00m,HD,1F00m,,,1.56,2.36
9003,HD-1F00m,HD,1F00m,,,1.78,2.62
9004,HD-1F00m,HD,1F00m,,,1.48,2.36
9005,HD-1F00m,HD,1F00m,,,1.78,2.66
9006,HD-1F00m,HD,1F00m,,,1.56,2.88
9007,HD-1F00m,HD,1F00m,,,1.46,2.66
9008,HD-1F00m,HD,1F00m,,,1.84,3.04
9009,HD-1F00m,HD,1F00m,,,2.46,3.36
9010,HD-1F00m,HD,1F00m,,,1.72,2.94
9011,HD-1F00m,HD,1F00m,,,1.52,2.86
9012,HD-1F00m,HD,1F00m,,,2,3
9013,HD-1F00m,HD,1F00m,,,1.76,3
9014,HD-1F00m,HD,1F00m,,,1.94,2.86
9015,HD-1F00m,HD,1F00m,,,1.54,2.4
9016,HD-1F00m,HD,1F00m,,,2.66,3.58
9017,HD-1F00m,HD,1F00m,,,1.54,2.86
9018,HD-1F00m,HD,1F00m,,,1.48,2.38
9019,HD-1F00m,HD,1F00m,,,1.72,2.67
9020,HD-1F00m,HD,1F00m,,,1.56,2.54
9021,HD-1F00m,HD,1F00m,,,1.9,3
9022,HD-1F00m,HD,1F00m,,,1.78,2.76
9023,HD-1F00m,HD,1F00m,,,1.94,2.6
9024,HD-1F00m,HD,1F00m,,,1.86,2.6
9025,HD-1F00m,HD,1F00m,,,1.92,2.96
9026,HD-1F00m,HD,1F00m,,,1.62,2.58
9027,HD-1F00m,HD,1F00m,,,1.88,2.86
9028,HD-1F00m,HD,1F00m,,,2.16,3.46
9029,HD-1F00m,HD,1F00m,,,1.86,2.68
9030,HD-1F00m,HD,1F00m,,,1.72,2.78
9031,HD-1F00m,HD,1F00m,,,2.13,2.86
9032,HD-1F00m,HD,1F00m,,,1.38,2.48
9033,HD-1F00m,HD,1F00m,,,1.46,2.68
9034,HD-1F00m,HD,1F00m,,,1.56,2.64
9035,HD-1F00m,HD,1F00m,,,2.1,3.25
9036,HD-1F00m,HD,1F00m,,,1.8,3.06
9037,HD-1F00m,HD,1F00m,,,1.86,2.94
9038,HD-1F00m,HD,1F00m,,,2.34,3.32
9039,HD-1F00m,HD,1F00m,,,1.6,2.6
9040,HD-1F00m,HD,1F00m,,,2.1,3.12
9041,HD-1F00m,HD,1F00m,,,1.54,2.54
9042,HD-1F00m,HD,1F00m,,,1.46,2.34
9043,HD-1F00m,HD,1F00m,,,1.96,2.78
9044,HD-1F00m,HD,1F00m,,,1.86,3.22
9045,HD-1F00m,HD,1F00m,,,1.62,2.74
9046,HD-1F00m,HD,1F00m,,,1.74,2.7
9047,HD-1F00m,HD,1F00m,,,1.62,2.66
9048,HD-1F00m,HD,1F00m,,,1.82,2.98
9049,HD-1F00m,HD,1F00m,,,1.58,2.64
10000,HD-1F06m,HD,1F06m,,,1.94,3.42
10001,HD-1F06m,HD,1F06m,,,1.66,2.8
10002,HD-1F06m,HD,1F06m,,,2.06,3.26
10003,HD-1F06m,HD,1F06m,,,2.2,3.38
10004,HD-1F06m,HD,1F06m,,,2.08,3.22
10005,HD-1F06m,HD,1F06m,,,1.76,3.56
10006,HD-1F06m,HD,1F06m,,,2.14,3.66
10007,HD-1F06m,HD,1F06m,,,1.92,3.26
10008,HD-1F06m,HD,1F06m,,,1.77,3.03
10009,HD-1F06m,HD,1F06m,,,1.78,2.76
10010,HD-1F06m,HD,1F06m,,,2.12,3.4
10011,HD-1F06m,HD,1F06m,,,2.1,3.5
10012,HD-1F06m,HD,1F06m,,,2.08,3.26
10013,HD-1F06m,HD,1F06m,,,1.84,3.18
10014,HD-1F06m,HD,1F06m,,,2.14,3.2
10015,HD-1F06m,HD,1F06m,,,2.62,4.42
10016,HD-1F06m,HD,1F06m,,,1.5,2.48
10017,HD-1F06m,HD,1F06m,,,2.21,4
10018,HD-1F06m,HD,1F06m,,,1.76,3.28
10019,HD-1F06m,HD,1F06m,,,1.48,2.54
10020,HD-1F06m,HD,1F06m,,,2.3,4.36
10021,HD-1F06m,HD,1F06m,,,1.48,3.12
10022,HD-1F06m,HD,1F06m,,,1.84,3.12
10023,HD-1F06m,HD,1F06m,,,2.1,3.34
10024,HD-1F06m,HD,1F06m,,,2.34,3.8
10025,HD-1F06m,HD,1F06m,,,1.34,2.6
10026,HD-1F06m,HD,1F06m,,,2.16,3.26
10027,HD-1F06m,HD,1F06m,,,1.58,3.5
10028,HD-1F06m,HD,1F06m,,,2.16,3.26
10029,HD-1F06m,HD,1F06m,,,1.8,3.14
10030,HD-1F06m,HD,1F06m,,,1.8,3.12
10031,HD-1F06m,HD,1F06m,,,2.06,3.32
10032,HD-1F06m,HD,1F06m,,,2.08,3.2
10033,HD-1F06m,HD,1F06m,,,1.56,3.08
10034,HD-1F06m,HD,1F06m,,,1.64,2.88
10035,HD-1F06m,HD,1F06m,,,2.12,3.34
10036,HD-1F06m,HD,1F06m,,,2.22,3.48
10037,HD-1F06m,HD,1F06m,,,1.7,3.02
10038,HD-1F06m,HD,1F06m,,,2.04,3.02
10039,HD-1F06m,HD,1F06m,,,1.77,2.78
10040,HD-1F06m,HD,1F06m,,,2.06,3.27
10041,HD-1F06m,HD,1F06m,,,2.04,3.11
10042,HD-1F06m,HD,1F06m,,,1.68,3.2
10043,HD-1F06m,HD,1F06m,,,2.18,3.49
10044,HD-1F06m,HD,1F06m,,,2.12,3.38
10045,HD-1F06m,HD,1F06m,,,2.14,3.48
10046,HD-1F06m,HD,1F06m,,,1.72,2.9
10047,HD-1F06m,HD,1F06m,,,2.16,3.38
10048,HD-1F06m,HD,1F06m,,,1.8,2.86
10049,HD-1F06m,HD,1F06m,,,1.82,3.34
11000,HD-1F12m,HD,1F12m,,,2.1,3.06
11001,HD-1F12m,HD,1F12m,,,1.01,2.33
11002,HD-1F12m,HD,1F12m,,,2.12,2.7
11003,HD-1F12m,HD,1F12m,,,2.34,3.44
11004,HD-1F12m,HD,1F12m,,,2.02,2.96
11005,HD-1F12m,HD,1F12m,,,1.62,2.84
11006,HD-1F12m,HD,1F12m,,,1.88,2.68
11007,HD-1F12m,HD,1F12m,,,2.16,2.84
11008,HD-1F12m,HD,1F12m,,,1.56,2.66
11009,HD-1F12m,HD,1F12m,,,1.4,2.46
11010,HD-1F12m,HD,1F12m,,,2,2.9
11011,HD-1F12m,HD,1F12m,,,1.46,2.36
11012,HD-1F12m,HD,1F12m,,,1.46,2.6
11013,HD-1F12m,HD,1F12m,,,1.86,2.92
11014,HD-1F12m,HD,1F12m,,,2.08,3.12
11015,HD-1F12m,HD,1F12m,,,2.06,3
11016,HD-1F12m,HD,1F12m,,,1.96,3.02
11017,HD-1F12m,HD,1F12m,,,1.5,2.7
11018,HD-1F12m,HD,1F12m,,,1.46,2.82
11019,HD-1F12m,HD,1F12m,,,2.04,3.22
11020,HD-1F12m,HD,1F12m,,,1.42,2.36
11021,HD-1F12m,HD,1F12m,,,1.56,2.24
11022,HD-1F12m,HD,1F12m,,,2.08,2.86
11023,HD-1F12m,HD,1F12m,,,1.84,2.58
11024,HD-1F12m,HD,1F12m,,,1.86,2.88
11025,HD-1F12m,HD,1F12m,,,1.56,2.2
11026,HD-1F12m,HD,1F12m,,,1.84,2.64
11027,HD-1F12m,HD,1F12m,,,1.74,2.48
11028,HD-1F12m,HD,1F12m,,,1.72,2.62
11029,HD-1F12m,HD,1F12m,,,1.82,2.92
11030,HD-1F12m,HD,1F12m,,,1.64,2.63
11031,HD-1F12m,HD,1F12m,,,1.92,2.71
11032,HD-1F12m,HD,1F12m,,,1.88,2.9
11033,HD-1F12m,HD,1F12m,,,1.86,2.64
11034,HD-1F12m,HD,1F12m,,,2.02,3
11035,HD-1F12m,HD,1F12m,,,1.78,2.64
11036,HD-1F12m,HD,1F12m,,,1.36,2.24
11037,HD-1F12m,HD,1F12m,,,2.12,3.12
11038,HD-1F12m,HD,1F12m,,,1.82,2.72
11039,HD-1F12m,HD,1F12m,,,1.54,2.6
11040,HD-1F12m,HD,1F12m,,,2.42,3.22
11041,HD-1F12m,HD,1F12m,,,1.4,2.2
11042,HD-1F12m,HD,1F12m,,,1.78,2.72
11043,HD-1F12m,HD,1F12m,,,1.38,2.44
11044,HD-1F12m,HD,1F12m,,,1.96,2.62
11045,HD-1F12m,HD,1F12m,,,1.06,2.06
11046,HD-1F12m,HD,1F12m,,,1.72,2.48
11047,HD-1F12m,HD,1F12m,,,2.16,3.42
11048,HD-1F12m,HD,1F12m,,,1.6,2.34
11049,HD-1F12m,HD,1F12m,,,2.06,3.08
12000,HD-2F00m,HD,2F00m,,,1.9,3.36
12001,HD-2F00m,HD,2F00m,,,1.82,3.54
12002,HD-2F00m,HD,2F00m,,,2.06,3.74
12003,HD-2F00m,HD,2F00m,,,1.74,3.22
12004,HD-2F00m,HD,2F00m,,,1.94,3.36
12005,HD-2F00m,HD,2F00m,,,2.1,3.54
12006,HD-2F00m,HD,2F00m,,,1.84,3.12
12007,HD-2F00m,HD,2F00m,,,1.8,3.94
12008,HD-2F00m,HD,2F00m,,,1.58,2.86
12009,HD-2F00m,HD,2F00m,,,2.84,4.3
12010,HD-2F00m,HD,2F00m,,,1.88,3.42
12011,HD-2F00m,HD,2F00m,,,1.62,3.04
12012,HD-2F00m,HD,2F00m,,,1.6,3.12
12013,HD-2F00m,HD,2F00m,,,1.72,3.64
12014,HD-2F00m,HD,2F00m,,,2.28,3.82
12015,HD-2F00m,HD,2F00m,,,1.82,3.62
12016,HD-2F00m,HD,2F00m,,,0.8,2.2
12017,HD-2F00m,HD,2F00m,,,1.8,3.36
12018,HD-2F00m,HD,2F00m,,,1.9,3.42
12019,HD-2F00m,HD,2F00m,,,1.74,3.38
12020,HD-2F00m,HD,2F00m,,,1.44,3.42
12021,HD-2F00m,HD,2F00m,,,2.1,3.8
12022,HD-2F00m,HD,2F00m,,,1.74,3.2
12023,HD-2F00m,HD,2F00m,,,1.66,3
12024,HD-2F00m,HD,2F00m,,,1.92,3.38
12025,HD-2F00m,HD,2F00m,,,1.72,3.08
12026,HD-2F00m,HD,2F00m,,,1.64,2.82
12027,HD-2F00m,HD,2F00m,,,1.82,3.38
12028,HD-2F00m,HD,2F00m,,,1.86,3.28
12029,HD-2F00m,HD,2F00m,,,2.86,4.48
12030,HD-2F00m,HD,2F00m,,,1.66,3.2
12031,HD-2F00m,HD,2F00m,,,1.74,3.22
12032,HD-2F00m,HD,2F00m,,,1.72,3
12033,HD-2F00m,HD,2F00m,,,1.78,3.2
12034,HD-2F00m,HD,2F00m,,,2.08,3.74
12035,HD-2F00m,HD,2F00m,,,1.66,3.06
12036,HD-2F00m,HD,2F00m,,,1.58,3.2
12037,HD-2F00m,HD,2F00m,,,1.62,3.28
12038,HD-2F00m,HD,2F00m,,,1.7,3.14
12039,HD-2F00m,HD,2F00m,,,1.56,2.92
12040,HD-2F00m,HD,2F00m,,,1.65,3.2
12041,HD-2F00m,HD,2F00m,,,1.78,3.4
12042,HD-2F00m,HD,2F00m,,,1.88,3.6
12043,HD-2F00m,HD,2F00m,,,1.76,2.9
12044,HD-2F00m,HD,2F00m,,,1.92,3.7
12045,HD-2F00m,HD,2F00m,,,1.82,3.44
12046,HD-2F00m,HD,2F00m,,,2.1,3.68
12047,HD-2F00m,HD,2F00m,,,1.56,3.08
12048,HD-2F00m,HD,2F00m,,,1.82,3.4
12049,HD-2F00m,HD,2F00m,,,1.78,3.38
13000,HD-2F06m,HD,2F06m,,,1.68,3.58
13001,HD-2F06m,HD,2F06m,,,1.98,3.4
13002,HD-2F06m,HD,2F06m,,,1.86,3.3
13003,HD-2F06m,HD,2F06m,,,1.96,3.4
13004,HD-2F06m,HD,2F06m,,,1.56,2.9
13005,HD-2F06m,HD,2F06m,,,2.16,3.72
13006,HD-2F06m,HD,2F06m,,,1.32,3.72
13007,HD-2F06m,HD,2F06m,,,1.34,3
13008,HD-2F06m,HD,2F06m,,,1.38,3.28
13009,HD-2F06m,HD,2F06m,,,2.16,3.8
13010,HD-2F06m,HD,2F06m,,,2.16,3.66
13011,HD-2F06m,HD,2F06m,,,1.7,3.34
13012,HD-2F06m,HD,2F06m,,,1.5,2.6
13013,HD-2F06m,HD,2F06m,,,2.04,4.12
13014,HD-2F06m,HD,2F06m,,,1.72,3.76
13015,HD-2F06m,HD,2F06m,,,1.9,3.08
13016,HD-2F06m,HD,2F06m,,,2.04,3.78
13017,HD-2F06m,HD,2F06m,,,1.74,3.44
13018,HD-2F06m,HD,2F06m,,,1.98,3.66
13019,HD-2F06m,HD,2F06m,,,1.86,3.6
13020,HD-2F06m,HD,2F06m,,,1.78,3
13021,HD-2F06m,HD,2F06m,,,2,3.94
13022,HD-2F06m,HD,2F06m,,,1.6,3.08
13023,HD-2F06m,HD,2F06m,,,1.98,3.66
13024,HD-2F06m,HD,2F06m,,,1.36,2.78
13025,HD-2F06m,HD,2F06m,,,1.94,3.44
13026,HD-2F06m,HD,2F06m,,,1.54,3.2
13027,HD-2F06m,HD,2F06m,,,2,3.74
13028,HD-2F06m,HD,2F06m,,,1.62,3.2
13029,HD-2F06m,HD,2F06m,,,1.82,3.26
13030,HD-2F06m,HD,2F06m,,,1.76,3.3
13031,HD-2F06m,HD,2F06m,,,1.6,2.96
13032,HD-2F06m,HD,2F06m,,,2.02,3.52
13033,HD-2F06m,HD,2F06m,,,1.64,3.34
13034,HD-2F06m,HD,2F06m,,,1.94,3.76
13035,HD-2F06m,HD,2F06m,,,1.9,3.32
13036,HD-2F06m,HD,2F06m,,,2.08,3.96
13037,HD-2F06m,HD,2F06m,,,2.28,3.73
13038,HD-2F06m,HD,2F06m,,,1.26,3.02
13039,HD-2F06m,HD,2F06m,,,2.16,3.88
13040,HD-2F06m,HD,2F06m,,,2.1,4.32
13041,HD-2F06m,HD,2F06m,,,1.68,3.34
13042,HD-2F06m,HD,2F06m,,,1.94,3.4
13043,HD-2F06m,HD,2F06m,,,2.28,3.94
13044,HD-2F06m,HD,2F06m,,,1.54,3.02
13045,HD-2F06m,HD,2F06m,,,1.78,3.32
13046,HD-2F06m,HD,2F06m,,,2.02,3.94
13047,HD-2F06m,HD,2F06m,,,1.8,3.42
13048,HD-2F06m,HD,2F06m,,,1.4,3
13049,HD-2F06m,HD,2F06m,,,1.68,3.02
14000,HD-2F12m,HD,2F12m,,,2.08,3.6
14001,HD-2F12m,HD,2F12m,,,2.14,3.36
14002,HD-2F12m,HD,2F12m,,,1.94,3.3
14003,HD-2F12m,HD,2F12m,,,1.94,4
14004,HD-2F12m,HD,2F12m,,,1.54,2.94
14005,HD-2F12m,HD,2F12m,,,1.88,3.55
14006,HD-2F12m,HD,2F12m,,,1.46,3.24
14007,HD-2F12m,HD,2F12m,,,1.88,3.86
14008,HD-2F12m,HD,2F12m,,,1.9,3.4
14009,HD-2F12m,HD,2F12m,,,1.54,3.36
14010,HD-2F12m,HD,2F12m,,,1.3,2.92
14011,HD-2F12m,HD,2F12m,,,1.44,3.02
14012,HD-2F12m,HD,2F12m,,,1.78,4
14013,HD-2F12m,HD,2F12m,,,1.76,3.26
14014,HD-2F12m,HD,2F12m,,,2,3.5
14015,HD-2F12m,HD,2F12m,,,1.58,3.2
14016,HD-2F12m,HD,2F12m,,,0.82,2.8
14017,HD-2F12m,HD,2F12m,,,1.58,3.2
14018,HD-2F12m,HD,2F12m,,,1.26,2.7
14019,HD-2F12m,HD,2F12m,,,1.54,2.62
14020,HD-2F12m,HD,2F12m,,,1.82,3.32
14021,HD-2F12m,HD,2F12m,,,1.64,3
14022,HD-2F12m,HD,2F12m,,,1.32,2.62
14023,HD-2F12m,HD,2F12m,,,1.76,3.82
14024,HD-2F12m,HD,2F12m,,,1.54,3.22
14025,HD-2F12m,HD,2F12m,,,1.08,2.58
14026,HD-2F12m,HD,2F12m,,,1.44,3.38
14027,HD-2F12m,HD,2F12m,,,1.98,3.64
14028,HD-2F12m,HD,2F12m,,,1.68,3.34
14029,HD-2F12m,HD,2F12m,,,1.74,3.6
14030,HD-2F12m,HD,2F12m,,,2.04,3.91
14031,HD-2F12m,HD,2F12m,,,1.28,3.02
14032,HD-2F12m,HD,2F12m,,,1.46,3.08
14033,HD-2F12m,HD,2F12m,,,1.92,3.4
14034,HD-2F12m,HD,2F12m,,,1.8,3.9
14035,HD-2F12m,HD,2F12m,,,1.64,3.72
14036,HD-2F12m,HD,2F12m,,,1.42,2.82
14037,HD-2F12m,HD,2F12m,,,1.24,2.82
14038,HD-2F12m,HD,2F12m,,,1.52,3
14039,HD-2F12m,HD,2F12m,,,1.58,3.14
14040,HD-2F12m,HD,2F12m,,,1.76,3.2
14041,HD-2F12m,HD,2F12m,,,2,3.44
14042,HD-2F12m,HD,2F12m,,,1.6,3.02
14043,HD-2F12m,HD,2F12m,,,1.78,3.04
14044,HD-2F12m,HD,2F12m,,,1.84,3.56
14045,HD-2F12m,HD,2F12m,,,2.12,3.66
14046,HD-2F12m,HD,2F12m,,,1.62,2.98
14047,HD-2F12m,HD,2F12m,,,1.9,3.6
14048,HD-2F12m,HD,2F12m,,,1.44,2.974
14049,HD-2F12m,HD,2F12m,,,1.38,2.8
15000,HD-3F00m,HD,3F00m,,,1.92,2.96
15001,HD-3F00m,HD,3F00m,,,1.64,2.86
15002,HD-3F00m,HD,3F00m,,,2.1,3.44
15003,HD-3F00m,HD,3F00m,,,1.7,3.2
15004,HD-3F00m,HD,3F00m,,,1.68,3
15005,HD-3F00m,HD,3F00m,,,1.48,3.04
15006,HD-3F00m,HD,3F00m,,,1.75,2.6
15007,HD-3F00m,HD,3F00m,,,2.02,3.04
15008,HD-3F00m,HD,3F00m,,,1.95,2.63
15009,HD-3F00m,HD,3F00m,,,1.73,2.9
15010,HD-3F00m,HD,3F00m,,,1.74,2.8
15011,HD-3F00m,HD,3F00m,,,1.83,2.68
15012,HD-3F00m,HD,3F00m,,,1.75,2.7
15013,HD-3F00m,HD,3F00m,,,1.54,2.9
15014,HD-3F00m,HD,3F00m,,,1.55,2.95
15015,HD-3F00m,HD,3F00m,,,1.8,3.16
15016,HD-3F00m,HD,3F00m,,,1.52,2.6
15017,HD-3F00m,HD,3F00m,,,1.72,2.95
15018,HD-3F00m,HD,3F00m,,,1.7,2.66
15019,HD-3F00m,HD,3F00m,,,1.88,3.01
15020,HD-3F00m,HD,3F00m,,,1.73,2.59
15021,HD-3F00m,HD,3F00m,,,1.72,2.9
15022,HD-3F00m,HD,3F00m,,,1.46,2.45
15023,HD-3F00m,HD,3F00m,,,1.63,2.94
15024,HD-3F00m,HD,3F00m,,,1.78,2.72
15025,HD-3F00m,HD,3F00m,,,1.68,3.23
15026,HD-3F00m,HD,3F00m,,,1.9,2.66
15027,HD-3F00m,HD,3F00m,,,1.93,2.622
15028,HD-3F00m,HD,3F00m,,,2.11,3.2
15029,HD-3F00m,HD,3F00m,,,1.63,2.89
15030,HD-3F00m,HD,3F00m,,,1.46,2.83
15031,HD-3F00m,HD,3F00m,,,1.67,2.94
15032,HD-3F00m,HD,3F00m,,,1.66,2.78
15033,HD-3F00m,HD,3F00m,,,1.69,2.56
15034,HD-3F00m,HD,3F00m,,,1.72,2.56
15035,HD-3F00m,HD,3F00m,,,1.78,3.08
15036,HD-3F00m,HD,3F00m,,,1.51,2.44
15037,HD-3F00m,HD,3F00m,,,1.74,2.7
15038,HD-3F00m,HD,3F00m,,,1.57,2.81
15039,HD-3F00m,HD,3F00m,,,1.82,3.04
15040,HD-3F00m,HD,3F00m,,,2,3.29
15041,HD-3F00m,HD,3F00m,,,1.72,2.69
15042,HD-3F00m,HD,3F00m,,,1.63,2.88
15043,HD-3F00m,HD,3F00m,,,2.2,3.3
15044,HD-3F00m,HD,3F00m,,,1.61,2.7
15045,HD-3F00m,HD,3F00m,,,1.76,2.55
15046,HD-3F00m,HD,3F00m,,,1.64,2.7
15047,HD-3F00m,HD,3F00m,,,1.65,3.2
15048,HD-3F00m,HD,3F00m,,,1.95,2.9
15049,HD-3F00m,HD,3F00m,,,1.68,2.98
16000,HD-3F06m,HD,3F06m,,,1.41,2.6
16001,HD-3F06m,HD,3F06m,,,1.64,2.95
16002,HD-3F06m,HD,3F06m,,,2,3.35
16003,HD-3F06m,HD,3F06m,,,1.84,3.61
16004,HD-3F06m,HD,3F06m,,,1.98,3.35
16005,HD-3F06m,HD,3F06m,,,1.55,3.15
16006,HD-3F06m,HD,3F06m,,,1.53,2.8
16007,HD-3F06m,HD,3F06m,,,1.94,3.2
16008,HD-3F06m,HD,3F06m,,,1.71,3
16009,HD-3F06m,HD,3F06m,,,1.71,3.22
16010,HD-3F06m,HD,3F06m,,,1.83,2.73
16011,HD-3F06m,HD,3F06m,,,1.91,3.29
16012,HD-3F06m,HD,3F06m,,,1.52,2.8
16013,HD-3F06m,HD,3F06m,,,1.31,2.73
16014,HD-3F06m,HD,3F06m,,,1.56,2.84
16015,HD-3F06m,HD,3F06m,,,1.61,3.1
16016,HD-3F06m,HD,3F06m,,,1.73,3.04
16017,HD-3F06m,HD,3F06m,,,1.54,2.87
16018,HD-3F06m,HD,3F06m,,,1.69,2.85
16019,HD-3F06m,HD,3F06m,,,2.16,3.56
16020,HD-3F06m,HD,3F06m,,,1.85,3.33
16021,HD-3F06m,HD,3F06m,,,2.12,4.14
16022,HD-3F06m,HD,3F06m,,,2.08,3.29
16023,HD-3F06m,HD,3F06m,,,1.85,3.14
16024,HD-3F06m,HD,3F06m,,,1.26,2.74
16025,HD-3F06m,HD,3F06m,,,1.79,2.81
16026,HD-3F06m,HD,3F06m,,,1.74,3
16027,HD-3F06m,HD,3F06m,,,1.5,2.53
16028,HD-3F06m,HD,3F06m,,,2.17,3.68
16029,HD-3F06m,HD,3F06m,,,1.75,3.28
16030,HD-3F06m,HD,3F06m,,,1.65,3.02
16031,HD-3F06m,HD,3F06m,,,1.78,3.3
16032,HD-3F06m,HD,3F06m,,,1.74,2.75
16033,HD-3F06m,HD,3F06m,,,1.77,2.6
16034,HD-3F06m,HD,3F06m,,,1.66,3.01
16035,HD-3F06m,HD,3F06m,,,1.95,2.75
16036,HD-3F06m,HD,3F06m,,,2.17,3.74
16037,HD-3F06m,HD,3F06m,,,1.62,2.77
16038,HD-3F06m,HD,3F06m,,,1.7,2.76
16039,HD-3F06m,HD,3F06m,,,2.06,3.51
16040,HD-3F06m,HD,3F06m,,,1.56,2.78
16041,HD-3F06m,HD,3F06m,,,1.53,2.85
16042,HD-3F06m,HD,3F06m,,,2.19,2.89
16043,HD-3F06m,HD,3F06m,,,1.5,3.16
16044,HD-3F06m,HD,3F06m,,,2.16,3.51
16045,HD-3F06m,HD,3F06m,,,2.2,3.57
16046,HD-3F06m,HD,3F06m,,,1.92,3.1
16047,HD-3F06m,HD,3F06m,,,1.72,2.89
16048,HD-3F06m,HD,3F06m,,,1.82,3.09
16049,HD-3F06m,HD,3F06m,,,2.31,3.78
17000,HD-3F12m,HD,3F12m,,,2.1,2.86
17001,HD-3F12m,HD,3F12m,,,1.92,3.04
17002,HD-3F12m,HD,3F12m,,,2.4,3.38
17003,HD-3F12m,HD,3F12m,,,1.27,1.91
17004,HD-3F12m,HD,3F12m,,,1.76,2.65
17005,HD-3F12m,HD,3F12m,,,1.77,2.84
17006,HD-3F12m,HD,3F12m,,,1.68,2.84
17007,HD-3F12m,HD,3F12m,,,1.92,3.16
17008,HD-3F12m,HD,3F12m,,,1.08,1.94
17009,HD-3F12m,HD,3F12m,,,1.77,2.41
17010,HD-3F12m,HD,3F12m,,,1.53,2.56
17011,HD-3F12m,HD,3F12m,,,1.4,2.14
17012,HD-3F12m,HD,3F12m,,,1.12,2.24
17013,HD-3F12m,HD,3F12m,,,1.1,1.74
17014,HD-3F12m,HD,3F12m,,,1.18,2.48
17015,HD-3F12m,HD,3F12m,,,1.76,2.92
17016,HD-3F12m,HD,3F12m,,,1.7,2.7
17017,HD-3F12m,HD,3F12m,,,1.44,2.28
17018,HD-3F12m,HD,3F12m,,,1.36,2.62
17019,HD-3F12m,HD,3F12m,,,1.52,2.38
17020,HD-3F12m,HD,3F12m,,,1.6,2.74
17021,HD-3F12m,HD,3F12m,,,1.7,2.74
17022,HD-3F12m,HD,3F12m,,,1.29,2.66
17023,HD-3F12m,HD,3F12m,,,1.68,2.66
17024,HD-3F12m,HD,3F12m,,,1.23,2.46
17025,HD-3F12m,HD,3F12m,,,1.59,2.41
17026,HD-3F12m,HD,3F12m,,,1.96,2.71
17027,HD-3F12m,HD,3F12m,,,1.34,2.09
17028,HD-3F12m,HD,3F12m,,,1.3,2.35
17029,HD-3F12m,HD,3F12m,,,1.66,2.67
17030,HD-3F12m,HD,3F12m,,,1.61,2.73
17031,HD-3F12m,HD,3F12m,,,1.44,3.16
17032,HD-3F12m,HD,3F12m,,,1.5,2.2
17033,HD-3F12m,HD,3F12m,,,1.36,2.24
17034,HD-3F12m,HD,3F12m,,,1.16,2.1
17035,HD-3F12m,HD,3F12m,,,2.3,3
17036,HD-3F12m,HD,3F12m,,,1.96,3.1
17037,HD-3F12m,HD,3F12m,,,1.52,2.17
17038,HD-3F12m,HD,3F12m,,,1.53,2.7
17039,HD-3F12m,HD,3F12m,,,1.95,2.8
17040,HD-3F12m,HD,3F12m,,,1.5,2.82
17041,HD-3F12m,HD,3F12m,,,1.77,2.74
17042,HD-3F12m,HD,3F12m,,,1.73,2.58
17043,HD-3F12m,HD,3F12m,,,1.47,2.52
17044,HD-3F12m,HD,3F12m,,,1.52,2.3
17045,HD-3F12m,HD,3F12m,,,2.11,3.08
17046,HD-3F12m,HD,3F12m,,,1.93,2.64
17047,HD-3F12m,HD,3F12m,,,1.65,2.99
17048,HD-3F12m,HD,3F12m,,,1.65,2.78
17049,HD-3F12m,HD,3F12m,,,2.48,3.64
18000,HH-1F00m,HH,1F00m,,,1.94,2.19
18001,HH-1F00m,HH,1F00m,,,1.82,2.04
18002,HH-1F00m,HH,1F00m,,,2.01,2.26
18003,HH-1F00m,HH,1F00m,,,1.54,1.72
18004,HH-1F00m,HH,1F00m,,,1.68,1.85
18005,HH-1F00m,HH,1F00m,,,1.85,2.09
18006,HH-1F00m,HH,1F00m,,,1.92,2.1
18007,HH-1F00m,HH,1F00m,,,1.83,2.1
18008,HH-1F00m,HH,1F00m,,,1.75,2
18009,HH-1F00m,HH,1F00m,,,1.9,2.12
18010,HH-1F00m,HH,1F00m,,,1.99,2.27
18011,HH-1F00m,HH,1F00m,,,1.86,2.06
18012,HH-1F00m,HH,1F00m,,,1.58,1.8
18013,HH-1F00m,HH,1F00m,,,1.78,2.03
18014,HH-1F00m,HH,1F00m,,,2.27,2.52
18015,HH-1F00m,HH,1F00m,,,1.68,1.89
18016,HH-1F00m,HH,1F00m,,,1.69,1.91
18017,HH-1F00m,HH,1F00m,,,1.68,1.89
18018,HH-1F00m,HH,1F00m,,,2.23,2.46
18019,HH-1F00m,HH,1F00m,,,1.84,2.05
18020,HH-1F00m,HH,1F00m,,,1.79,2.03
18021,HH-1F00m,HH,1F00m,,,1.58,1.82
18022,HH-1F00m,HH,1F00m,,,1.7,1.92
18023,HH-1F00m,HH,1F00m,,,1.78,1.95
18024,HH-1F00m,HH,1F00m,,,2.02,2.26
18025,HH-1F00m,HH,1F00m,,,1.72,1.97
18026,HH-1F00m,HH,1F00m,,,1.91,2.13
18027,HH-1F00m,HH,1F00m,,,2.02,2.23
18028,HH-1F00m,HH,1F00m,,,1.77,1.99
18029,HH-1F00m,HH,1F00m,,,1.6,1.81
18030,HH-1F00m,HH,1F00m,,,1.52,1.77
18031,HH-1F00m,HH,1F00m,,,1.74,2
18032,HH-1F00m,HH,1F00m,,,1.66,1.94
18033,HH-1F00m,HH,1F00m,,,2.12,2.42
18034,HH-1F00m,HH,1F00m,,,1.49,1.67
18035,HH-1F00m,HH,1F00m,,,1.6,1.89
18036,HH-1F00m,HH,1F00m,,,1.77,1.99
18037,HH-1F00m,HH,1F00m,,,1.96,2.19
18038,HH-1F00m,HH,1F00m,,,2.17,2.37
18039,HH-1F00m,HH,1F00m,,,1.89,2.16
18040,HH-1F00m,HH,1F00m,,,1.86,2.11
18041,HH-1F00m,HH,1F00m,,,1.83,2.04
18042,HH-1F00m,HH,1F00m,,,1.88,2.08
18043,HH-1F00m,HH,1F00m,,,1.99,2.2
18044,HH-1F00m,HH,1F00m,,,1.99,2.2
18045,HH-1F00m,HH,1F00m,,,1.36,1.52
18046,HH-1F00m,HH,1F00m,,,2.11,2.36
18047,HH-1F00m,HH,1F00m,,,2.19,2.41
18048,HH-1F00m,HH,1F00m,,,1.4,1.56
18049,HH-1F00m,HH,1F00m,,,2.03,2.2
19000,HH-1F06m,HH,1F06m,,,1.66,2.04
19001,HH-1F06m,HH,1F06m,,,1.74,1.99
19002,HH-1F06m,HH,1F06m,,,1.91,2.27
19003,HH-1F06m,HH,1F06m,,,1.74,2.02
19004,HH-1F06m,HH,1F06m,,,1.74,1.97
19005,HH-1F06m,HH,1F06m,,,2.04,2.3
19006,HH-1F06m,HH,1F06m,,,1.8,2
19007,HH-1F06m,HH,1F06m,,,2,2.2
19008,HH-1F06m,HH,1F06m,,,1.85,2.14
19009,HH-1F06m,HH,1F06m,,,1.77,2
19010,HH-1F06m,HH,1F06m,,,2.46,2.7
19011,HH-1F06m,HH,1F06m,,,2.64,2.98
19012,HH-1F06m,HH,1F06m,,,1.83,2.05
19013,HH-1F06m,HH,1F06m,,,1.89,2.16
19014,HH-1F06m,HH,1F06m,,,1.9,2.2
19015,HH-1F06m,HH,1F06m,,,2,2.25
19016,HH-1F06m,HH,1F06m,,,1.93,2.23
19017,HH-1F06m,HH,1F06m,,,1.67,1.86
19018,HH-1F06m,HH,1F06m,,,1.65,1.85
19019,HH-1F06m,HH,1F06m,,,1.49,1.78
19020,HH-1F06m,HH,1F06m,,,1.41,1.6
19021,HH-1F06m,HH,1F06m,,,2,2.2
19022,HH-1F06m,HH,1F06m,,,1.97,2.18
19023,HH-1F06m,HH,1F06m,,,1.48,1.7
19024,HH-1F06m,HH,1F06m,,,1.46,1.66
19025,HH-1F06m,HH,1F06m,,,1.59,1.8
19026,HH-1F06m,HH,1F06m,,,1.35,1.49
19027,HH-1F06m,HH,1F06m,,,1.51,1.66
19028,HH-1F06m,HH,1F06m,,,1.31,1.45
19029,HH-1F06m,HH,1F06m,,,1.13,1.32
19030,HH-1F06m,HH,1F06m,,,1.75,1.89
19031,HH-1F06m,HH,1F06m,,,1.61,1.76
19032,HH-1F06m,HH,1F06m,,,1.8,1.95
19033,HH-1F06m,HH,1F06m,,,1.65,1.86
19034,HH-1F06m,HH,1F06m,,,1.9,2.05
19035,HH-1F06m,HH,1F06m,,,1.86,2.02
19036,HH-1F06m,HH,1F06m,,,1.55,1.84
19037,HH-1F06m,HH,1F06m,,,1.99,2.2
19038,HH-1F06m,HH,1F06m,,,1.35,1.53
19039,HH-1F06m,HH,1F06m,,,1.45,1.65
19040,HH-1F06m,HH,1F06m,,,1.78,1.96
19041,HH-1F06m,HH,1F06m,,,1.3,1.52
19042,HH-1F06m,HH,1F06m,,,1.64,1.93
19043,HH-1F06m,HH,1F06m,,,1.67,1.98
19044,HH-1F06m,HH,1F06m,,,1.85,2.04
19045,HH-1F06m,HH,1F06m,,,1.99,2.32
19046,HH-1F06m,HH,1F06m,,,1.76,1.96
19047,HH-1F06m,HH,1F06m,,,1.82,2.07
19048,HH-1F06m,HH,1F06m,,,1.77,2.01
19049,HH-1F06m,HH,1F06m,,,1.67,1.94
20000,HH-1F12m,HH,1F12m,,,1.39,1.65
20001,HH-1F12m,HH,1F12m,,,1.48,1.8
20002,HH-1F12m,HH,1F12m,,,1.64,1.83
20003,HH-1F12m,HH,1F12m,,,2.22,2.48
20004,HH-1F12m,HH,1F12m,,,1.99,2.2
20005,HH-1F12m,HH,1F12m,,,1.04,1.25
20006,HH-1F12m,HH,1F12m,,,1.59,1.74
20007,HH-1F12m,HH,1F12m,,,1.66,1.95
20008,HH-1F12m,HH,1F12m,,,1.92,2.24
20009,HH-1F12m,HH,1F12m,,,1.99,2.26
20010,HH-1F12m,HH,1F12m,,,1.57,1.9
20011,HH-1F12m,HH,1F12m,,,0.93,1.09
20012,HH-1F12m,HH,1F12m,,,1.72,1.91
20013,HH-1F12m,HH,1F12m,,,2.15,2.4
20014,HH-1F12m,HH,1F12m,,,1.66,1.92
20015,HH-1F12m,HH,1F12m,,,1.84,2.16
20016,HH-1F12m,HH,1F12m,,,1.79,2.05
20017,HH-1F12m,HH,1F12m,,,1.13,1.32
20018,HH-1F12m,HH,1F12m,,,1.1,1.33
20019,HH-1F12m,HH,1F12m,,,1.07,1.3
20020,HH-1F12m,HH,1F12m,,,1.9,2.1
20021,HH-1F12m,HH,1F12m,,,1.83,2.02
20022,HH-1F12m,HH,1F12m,,,2.02,2.2
20023,HH-1F12m,HH,1F12m,,,2.1,2.27
20024,HH-1F12m,HH,1F12m,,,2.07,2.27
20025,HH-1F12m,HH,1F12m,,,1.9,2.26
20026,HH-1F12m,HH,1F12m,,,1.72,2.02
20027,HH-1F12m,HH,1F12m,,,1.73,2.12
20028,HH-1F12m,HH,1F12m,,,1.92,2.2
20029,HH-1F12m,HH,1F12m,,,1.8,2.18
20030,HH-1F12m,HH,1F12m,,,1.94,2.24
20031,HH-1F12m,HH,1F12m,,,1.88,2.07
20032,HH-1F12m,HH,1F12m,,,1.29,1.52
20033,HH-1F12m,HH,1F12m,,,1.82,2
20034,HH-1F12m,HH,1F12m,,,1.58,1.86
20035,HH-1F12m,HH,1F12m,,,1.59,1.86
20036,HH-1F12m,HH,1F12m,,,1.05,1.32
20037,HH-1F12m,HH,1F12m,,,1.13,1.34
20038,HH-1F12m,HH,1F12m,,,1.55,1.78
20039,HH-1F12m,HH,1F12m,,,2.2,2.42
20040,HH-1F12m,HH,1F12m,,,1.79,2.05
20041,HH-1F12m,HH,1F12m,,,1.65,1.92
20042,HH-1F12m,HH,1F12m,,,1.89,2.17
20043,HH-1F12m,HH,1F12m,,,2,2.3
20044,HH-1F12m,HH,1F12m,,,1.71,1.93
20045,HH-1F12m,HH,1F12m,,,1.22,1.4
20046,HH-1F12m,HH,1F12m,,,1.74,1.93
20047,HH-1F12m,HH,1F12m,,,1.47,1.67
20048,HH-1F12m,HH,1F12m,,,1.87,2.12
20049,HH-1F12m,HH,1F12m,,,1.1,1.4
21000,HH-2F00m,HH,2F00m,,,1.72,2.36
21001,HH-2F00m,HH,2F00m,,,1.62,2.34
21002,HH-2F00m,HH,2F00m,,,1.77,2.5
21003,HH-2F00m,HH,2F00m,,,1.49,2.12
21004,HH-2F00m,HH,2F00m,,,1.8,2.54
21005,HH-2F00m,HH,2F00m,,,1.48,2.16
21006,HH-2F00m,HH,2F00m,,,1.62,2.26
21007,HH-2F00m,HH,2F00m,,,1.98,2.84
21008,HH-2F00m,HH,2F00m,,,1.84,2.6
21009,HH-2F00m,HH,2F00m,,,1.6,2.4
21010,HH-2F00m,HH,2F00m,,,1.93,2.48
21011,HH-2F00m,HH,2F00m,,,2.28,2.83
21012,HH-2F00m,HH,2F00m,,,1.74,2.42
21013,HH-2F00m,HH,2F00m,,,2.03,2.7
21014,HH-2F00m,HH,2F00m,,,1.81,2.54
21015,HH-2F00m,HH,2F00m,,,1.81,2.5
21016,HH-2F00m,HH,2F00m,,,2.05,2.96
21017,HH-2F00m,HH,2F00m,,,1.95,2.62
21018,HH-2F00m,HH,2F00m,,,2.26,2.96
21019,HH-2F00m,HH,2F00m,,,2.2,2.86
21020,HH-2F00m,HH,2F00m,,,1.81,2.5
21021,HH-2F00m,HH,2F00m,,,2.04,2.58
21022,HH-2F00m,HH,2F00m,,,1.68,2.42
21023,HH-2F00m,HH,2F00m,,,2,2.72
21024,HH-2F00m,HH,2F00m,,,1.9,2.62
21025,HH-2F00m,HH,2F00m,,,1.64,2.42
21026,HH-2F00m,HH,2F00m,,,1.99,2.8
21027,HH-2F00m,HH,2F00m,,,1.82,2.7
21028,HH-2F00m,HH,2F00m,,,2.36,3.1
21029,HH-2F00m,HH,2F00m,,,1.87,2.62
21030,HH-2F00m,HH,2F00m,,,1.78,2.44
21031,HH-2F00m,HH,2F00m,,,1.73,2.4
21032,HH-2F00m,HH,2F00m,,,1.7,2.5
21033,HH-2F00m,HH,2F00m,,,1.99,2.78
21034,HH-2F00m,HH,2F00m,,,1.8,2.56
21035,HH-2F00m,HH,2F00m,,,1.84,2.6
21036,HH-2F00m,HH,2F00m,,,2.06,2.82
21037,HH-2F00m,HH,2F00m,,,2,2.8
21038,HH-2F00m,HH,2F00m,,,1.95,2.74
21039,HH-2F00m,HH,2F00m,,,1.57,2.28
21040,HH-2F00m,HH,2F00m,,,1.87,2.6
21041,HH-2F00m,HH,2F00m,,,1.71,2.47
21042,HH-2F00m,HH,2F00m,,,1.67,2.42
21043,HH-2F00m,HH,2F00m,,,1.71,2.4
21044,HH-2F00m,HH,2F00m,,,1.81,2.54
21045,HH-2F00m,HH,2F00m,,,2.21,3.04
21046,HH-2F00m,HH,2F00m,,,2.21,3
21047,HH-2F00m,HH,2F00m,,,2.11,2.82
21048,HH-2F00m,HH,2F00m,,,1.74,2.4
21049,HH-2F00m,HH,2F00m,,,1.97,2.8
22000,HH-2F06m,HH,2F06m,,,1.57,2.4
22001,HH-2F06m,HH,2F06m,,,1.91,2.78
22002,HH-2F06m,HH,2F06m,,,1.93,2.6
22003,HH-2F06m,HH,2F06m,,,1.73,2.5
22004,HH-2F06m,HH,2F06m,,,1.73,2.42
22005,HH-2F06m,HH,2F06m,,,1.84,2.6
22006,HH-2F06m,HH,2F06m,,,1.6,2.34
22007,HH-2F06m,HH,2F06m,,,1.66,2.4
22008,HH-2F06m,HH,2F06m,,,1.88,2.6
22009,HH-2F06m,HH,2F06m,,,1.18,1.92
22010,HH-2F06m,HH,2F06m,,,1.04,1.8
22011,HH-2F06m,HH,2F06m,,,1.89,2.6
22012,HH-2F06m,HH,2F06m,,,1.89,2.56
22013,HH-2F06m,HH,2F06m,,,1.71,2.42
22014,HH-2F06m,HH,2F06m,,,1.61,2.3
22015,HH-2F06m,HH,2F06m,,,1.64,2.3
22016,HH-2F06m,HH,2F06m,,,2.13,2.8
22017,HH-2F06m,HH,2F06m,,,2.24,3
22018,HH-2F06m,HH,2F06m,,,1.78,2.44
22019,HH-2F06m,HH,2F06m,,,1.8,2.56
22020,HH-2F06m,HH,2F06m,,,2.27,3
22021,HH-2F06m,HH,2F06m,,,1.8,2.38
22022,HH-2F06m,HH,2F06m,,,1.82,2.7
22023,HH-2F06m,HH,2F06m,,,1.97,2.8
22024,HH-2F06m,HH,2F06m,,,2.08,2.76
22025,HH-2F06m,HH,2F06m,,,2.49,3.18
22026,HH-2F06m,HH,2F06m,,,1.82,2.52
22027,HH-2F06m,HH,2F06m,,,2.31,3.04
22028,HH-2F06m,HH,2F06m,,,1.85,2.71
22029,HH-2F06m,HH,2F06m,,,1.61,2.31
22030,HH-2F06m,HH,2F06m,,,1.93,2.72
22031,HH-2F06m,HH,2F06m,,,1.34,2.1
22032,HH-2F06m,HH,2F06m,,,1.61,2.4
22033,HH-2F06m,HH,2F06m,,,1.96,2.84
22034,HH-2F06m,HH,2F06m,,,1.59,2.3
22035,HH-2F06m,HH,2F06m,,,1.76,2.58
22036,HH-2F06m,HH,2F06m,,,1.84,2.53
22037,HH-2F06m,HH,2F06m,,,1.56,2.25
22038,HH-2F06m,HH,2F06m,,,1.95,2.59
22039,HH-2F06m,HH,2F06m,,,1.91,2.72
22040,HH-2F06m,HH,2F06m,,,1.79,2.52
22041,HH-2F06m,HH,2F06m,,,2.33,3.2
22042,HH-2F06m,HH,2F06m,,,1.6,2.3
22043,HH-2F06m,HH,2F06m,,,1.79,2.7
22044,HH-2F06m,HH,2F06m,,,2.04,2.72
22045,HH-2F06m,HH,2F06m,,,2.02,2.76
22046,HH-2F06m,HH,2F06m,,,2,2.8
22047,HH-2F06m,HH,2F06m,,,1.75,2.51
22048,HH-2F06m,HH,2F06m,,,1.46,2.12
22049,HH-2F06m,HH,2F06m,,,2,2.75
23000,HH-2F12m,HH,2F12m,,,1.87,2.74
23001,HH-2F12m,HH,2F12m,,,1.34,2.26
23002,HH-2F12m,HH,2F12m,,,0.98,1.74
23003,HH-2F12m,HH,2F12m,,,2.13,2.9
23004,HH-2F12m,HH,2F12m,,,1.66,2.54
23005,HH-2F12m,HH,2F12m,,,1.32,2.1
23006,HH-2F12m,HH,2F12m,,,1.58,2.54
23007,HH-2F12m,HH,2F12m,,,1.62,2.5
23008,HH-2F12m,HH,2F12m,,,1.71,2.58
23009,HH-2F12m,HH,2F12m,,,1.84,2.61
23010,HH-2F12m,HH,2F12m,,,1.9,2.74
23011,HH-2F12m,HH,2F12m,,,1.1,1.92
23012,HH-2F12m,HH,2F12m,,,1.87,2.82
23013,HH-2F12m,HH,2F12m,,,1.26,2.06
23014,HH-2F12m,HH,2F12m,,,2.11,3
23015,HH-2F12m,HH,2F12m,,,1.88,2.72
23016,HH-2F12m,HH,2F12m,,,2,2.82
23017,HH-2F12m,HH,2F12m,,,1.08,1.98
23018,HH-2F12m,HH,2F12m,,,1.47,2.28
23019,HH-2F12m,HH,2F12m,,,1.16,2.06
23020,HH-2F12m,HH,2F12m,,,1.1,1.86
23021,HH-2F12m,HH,2F12m,,,1.4,2.2
23022,HH-2F12m,HH,2F12m,,,1.38,2.2
23023,HH-2F12m,HH,2F12m,,,1.11,2.06
23024,HH-2F12m,HH,2F12m,,,0.92,1.62
23025,HH-2F12m,HH,2F12m,,,1.14,1.94
23026,HH-2F12m,HH,2F12m,,,1.5,2.28
23027,HH-2F12m,HH,2F12m,,,1.21,1.85
23028,HH-2F12m,HH,2F12m,,,0.72,1.46
23029,HH-2F12m,HH,2F12m,,,1.4,2.18
23030,HH-2F12m,HH,2F12m,,,1.23,2.16
23031,HH-2F12m,HH,2F12m,,,0.98,1.72
23032,HH-2F12m,HH,2F12m,,,0.98,1.66
23033,HH-2F12m,HH,2F12m,,,1.02,1.76
23034,HH-2F12m,HH,2F12m,,,1.22,2
23035,HH-2F12m,HH,2F12m,,,2.23,3.06
23036,HH-2F12m,HH,2F12m,,,1.64,2.52
23037,HH-2F12m,HH,2F12m,,,1.84,2.6
23038,HH-2F12m,HH,2F12m,,,1.57,2.4
23039,HH-2F12m,HH,2F12m,,,1.91,2.8
23040,HH-2F12m,HH,2F12m,,,1.94,2.74
23041,HH-2F12m,HH,2F12m,,,1.96,2.78
23042,HH-2F12m,HH,2F12m,,,1.76,2.62
23043,HH-2F12m,HH,2F12m,,,1.89,2.74
23044,HH-2F12m,HH,2F12m,,,2.31,3.2
23045,HH-2F12m,HH,2F12m,,,1.32,2.22
23046,HH-2F12m,HH,2F12m,,,1.67,2.42
23047,HH-2F12m,HH,2F12m,,,2.01,2.92
23048,HH-2F12m,HH,2F12m,,,1.98,2.86
23049,HH-2F12m,HH,2F12m,,,1.82,2.58
27000,CD-1F00m,CD,1F00m,,,1.46,3.65
27001,CD-1F00m,CD,1F00m,,,1.49,3.63
27002,CD-1F00m,CD,1F00m,,,1.65,3.63
27003,CD-1F00m,CD,1F00m,,,1.8,3.9
27004,CD-1F00m,CD,1F00m,,,1.77,3.9
27005,CD-1F00m,CD,1F00m,,,1.6,3.59
27006,CD-1F00m,CD,1F00m,,,1.55,3.64
27007,CD-1F00m,CD,1F00m,,,1.86,3.59
27008,CD-1F00m,CD,1F00m,,,1.51,3.37
27009,CD-1F00m,CD,1F00m,,,1.7,3.62
27010,CD-1F00m,CD,1F00m,,,1.73,4.09
27011,CD-1F00m,CD,1F00m,,,1.62,4.11
27012,CD-1F00m,CD,1F00m,,,1.51,3.44
27013,CD-1F00m,CD,1F00m,,,1.51,3.55
27014,CD-1F00m,CD,1F00m,,,1.41,3.63
27015,CD-1F00m,CD,1F00m,,,1.67,3.59
27016,CD-1F00m,CD,1F00m,,,1.6,3.7
27017,CD-1F00m,CD,1F00m,,,1.53,3.5
27018,CD-1F00m,CD,1F00m,,,1.44,3.63
27019,CD-1F00m,CD,1F00m,,,1.7,3.8
27020,CD-1F00m,CD,1F00m,,,1.84,3.55
27021,CD-1F00m,CD,1F00m,,,1.58,3.61
27022,CD-1F00m,CD,1F00m,,,1.7,3.47
27023,CD-1F00m,CD,1F00m,,,1.62,3.62
27024,CD-1F00m,CD,1F00m,,,1.66,3.63
27025,CD-1F00m,CD,1F00m,,,1.96,3.49
27026,CD-1F00m,CD,1F00m,,,1.24,3.56
27027,CD-1F00m,CD,1F00m,,,1.6,3.59
27028,CD-1F00m,CD,1F00m,,,1.36,3.46
27029,CD-1F00m,CD,1F00m,,,1.56,3.6
27030,CD-1F00m,CD,1F00m,,,1.42,3.47
27031,CD-1F00m,CD,1F00m,,,1.58,3.55
27032,CD-1F00m,CD,1F00m,,,1.46,3.54
27033,CD-1F00m,CD,1F00m,,,1.71,3.4
27034,CD-1F00m,CD,1F00m,,,1.72,3.6
27035,CD-1F00m,CD,1F00m,,,1.35,3.06
27036,CD-1F00m,CD,1F00m,,,1.53,3.3
27037,CD-1F00m,CD,1F00m,,,1.42,3.34
27038,CD-1F00m,CD,1F00m,,,1.53,3.61
27039,CD-1F00m,CD,1F00m,,,1.3,3.56
27040,CD-1F00m,CD,1F00m,,,1.82,3.35
27041,CD-1F00m,CD,1F00m,,,1.54,3.47
27042,CD-1F00m,CD,1F00m,,,1.54,3.69
27043,CD-1F00m,CD,1F00m,,,1.6,3.53
27044,CD-1F00m,CD,1F00m,,,1.59,3.96
27045,CD-1F00m,CD,1F00m,,,1.62,3.59
27046,CD-1F00m,CD,1F00m,,,1.48,3.42
27047,CD-1F00m,CD,1F00m,,,1.68,3.54
27048,CD-1F00m,CD,1F00m,,,1.5,3.07
27049,CD-1F00m,CD,1F00m,,,1.6,3.49
28000,CD-1F06m,CD,1F06m,,,1.28,3.55
28001,CD-1F06m,CD,1F06m,,,1.52,3.74
28002,CD-1F06m,CD,1F06m,,,1.65,3.45
28003,CD-1F06m,CD,1F06m,,,1.46,3.45
28004,CD-1F06m,CD,1F06m,,,1.55,3.5
28005,CD-1F06m,CD,1F06m,,,1.53,3.61
28006,CD-1F06m,CD,1F06m,,,1.63,3.69
28007,CD-1F06m,CD,1F06m,,,1.53,3.34
28008,CD-1F06m,CD,1F06m,,,1.55,3.7
28009,CD-1F06m,CD,1F06m,,,1.69,3.74
28010,CD-1F06m,CD,1F06m,,,1.72,4.11
28011,CD-1F06m,CD,1F06m,,,1.57,3.59
28012,CD-1F06m,CD,1F06m,,,1.32,3.47
28013,CD-1F06m,CD,1F06m,,,1.55,3.58
28014,CD-1F06m,CD,1F06m,,,1.48,3.57
28015,CD-1F06m,CD,1F06m,,,1.69,3.65
28016,CD-1F06m,CD,1F06m,,,1.57,3.59
28017,CD-1F06m,CD,1F06m,,,1.98,3.9
28018,CD-1F06m,CD,1F06m,,,1.67,3.56
28019,CD-1F06m,CD,1F06m,,,1.57,3.77
28020,CD-1F06m,CD,1F06m,,,1.41,3.35
28021,CD-1F06m,CD,1F06m,,,1.52,3.38
28022,CD-1F06m,CD,1F06m,,,1.5,3.38
28023,CD-1F06m,CD,1F06m,,,1.55,3.65
28024,CD-1F06m,CD,1F06m,,,1.6,3.68
28025,CD-1F06m,CD,1F06m,,,1.89,3.72
28026,CD-1F06m,CD,1F06m,,,1.58,3.46
28027,CD-1F06m,CD,1F06m,,,1.56,3.47
28028,CD-1F06m,CD,1F06m,,,1.41,3.25
28029,CD-1F06m,CD,1F06m,,,1.48,3.42
28030,CD-1F06m,CD,1F06m,,,1.4,3.55
28031,CD-1F06m,CD,1F06m,,,1.26,3.53
28032,CD-1F06m,CD,1F06m,,,1.39,3.5
28033,CD-1F06m,CD,1F06m,,,1.68,3.7
28034,CD-1F06m,CD,1F06m,,,1.69,3.95
28035,CD-1F06m,CD,1F06m,,,1.69,3.66
28036,CD-1F06m,CD,1F06m,,,1.57,3.39
28037,CD-1F06m,CD,1F06m,,,1.45,3.36
28038,CD-1F06m,CD,1F06m,,,1.69,3.77
28039,CD-1F06m,CD,1F06m,,,1.44,3.39
28040,CD-1F06m,CD,1F06m,,,1.75,3.68
28041,CD-1F06m,CD,1F06m,,,1.69,3.49
28042,CD-1F06m,CD,1F06m,,,1.74,3.79
28043,CD-1F06m,CD,1F06m,,,1.58,3.47
28044,CD-1F06m,CD,1F06m,,,1.56,3.52
28045,CD-1F06m,CD,1F06m,,,1.9,3.69
28046,CD-1F06m,CD,1F06m,,,1.7,3.5
28047,CD-1F06m,CD,1F06m,,,1.59,3.55
28048,CD-1F06m,CD,1F06m,,,1.82,4.05
28049,CD-1F06m,CD,1F06m,,,1.62,3.56
29000,CD-1F12m,CD,1F12m,,,1.66,3.64
29001,CD-1F12m,CD,1F12m,,,1.57,3.55
29002,CD-1F12m,CD,1F12m,,,1.58,3.35
29003,CD-1F12m,CD,1F12m,,,1.55,3.45
29004,CD-1F12m,CD,1F12m,,,0.8,3.68
29005,CD-1F12m,CD,1F12m,,,1.68,3.6
29006,CD-1F12m,CD,1F12m,,,1.44,3.52
29007,CD-1F12m,CD,1F12m,,,1.44,3.52
29008,CD-1F12m,CD,1F12m,,,1.18,3.56
29009,CD-1F12m,CD,1F12m,,,1.67,3.33
29010,CD-1F12m,CD,1F12m,,,1.62,3.54
29011,CD-1F12m,CD,1F12m,,,1.75,3.5
29012,CD-1F12m,CD,1F12m,,,1.42,3.8
29013,CD-1F12m,CD,1F12m,,,1.59,3.4
29014,CD-1F12m,CD,1F12m,,,1.68,3.83
29015,CD-1F12m,CD,1F12m,,,1.35,3.36
29016,CD-1F12m,CD,1F12m,,,1.48,3.55
29017,CD-1F12m,CD,1F12m,,,1.56,3.44
29018,CD-1F12m,CD,1F12m,,,1.55,3.56
29019,CD-1F12m,CD,1F12m,,,1.49,3.61
29020,CD-1F12m,CD,1F12m,,,1.38,3.96
29021,CD-1F12m,CD,1F12m,,,1.54,3.97
29022,CD-1F12m,CD,1F12m,,,1.44,3.76
29023,CD-1F12m,CD,1F12m,,,1.52,3.71
29024,CD-1F12m,CD,1F12m,,,1.52,3.41
29025,CD-1F12m,CD,1F12m,,,1.49,3.61
29026,CD-1F12m,CD,1F12m,,,1.44,3.51
29027,CD-1F12m,CD,1F12m,,,1.75,3.74
29028,CD-1F12m,CD,1F12m,,,1.65,3.31
29029,CD-1F12m,CD,1F12m,,,1.32,3.49
29030,CD-1F12m,CD,1F12m,,,1.67,3.29
29031,CD-1F12m,CD,1F12m,,,1.78,3.61
29032,CD-1F12m,CD,1F12m,,,1.56,3.46
29033,CD-1F12m,CD,1F12m,,,1.47,3.26
29034,CD-1F12m,CD,1F12m,,,1.6,3.74
29035,CD-1F12m,CD,1F12m,,,1.53,3.68
29036,CD-1F12m,CD,1F12m,,,1.75,3.65
29037,CD-1F12m,CD,1F12m,,,1.67,3.64
29038,CD-1F12m,CD,1F12m,,,1.65,3.45
29039,CD-1F12m,CD,1F12m,,,1.53,3.31
29040,CD-1F12m,CD,1F12m,,,1.29,3.3
29041,CD-1F12m,CD,1F12m,,,1.53,3.66
29042,CD-1F12m,CD,1F12m,,,1.35,3.12
29043,CD-1F12m,CD,1F12m,,,1.8,3.58
29044,CD-1F12m,CD,1F12m,,,1.15,3.33
29045,CD-1F12m,CD,1F12m,,,1.89,3.59
29046,CD-1F12m,CD,1F12m,,,0.82,3.64
29047,CD-1F12m,CD,1F12m,,,1.35,3.51
29048,CD-1F12m,CD,1F12m,,,1.38,3.42
29049,CD-1F12m,CD,1F12m,,,1.62,3.52
30000,CD-2F00m,CD,2F00m,,,1.48,3.3
30001,CD-2F00m,CD,2F00m,,,1.7,3.34
30002,CD-2F00m,CD,2F00m,,,1.7,3.8
30003,CD-2F00m,CD,2F00m,,,1.8,3.9
30004,CD-2F00m,CD,2F00m,,,1.73,4
30005,CD-2F00m,CD,2F00m,,,1.74,3.8
30006,CD-2F00m,CD,2F00m,,,1.8,3.84
30007,CD-2F00m,CD,2F00m,,,1.4,3
30008,CD-2F00m,CD,2F00m,,,1.44,3.48
30009,CD-2F00m,CD,2F00m,,,2,3.92
30010,CD-2F00m,CD,2F00m,,,1.7,3.6
30011,CD-2F00m,CD,2F00m,,,1.58,3.68
30012,CD-2F00m,CD,2F00m,,,1.72,3.96
30013,CD-2F00m,CD,2F00m,,,1.96,4.16
30014,CD-2F00m,CD,2F00m,,,1.5,3.72
30015,CD-2F00m,CD,2F00m,,,1.8,4.16
30016,CD-2F00m,CD,2F00m,,,1.72,4.1
30017,CD-2F00m,CD,2F00m,,,1.68,3.66
30018,CD-2F00m,CD,2F00m,,,2.06,4.32
30019,CD-2F00m,CD,2F00m,,,1.88,4.16
30020,CD-2F00m,CD,2F00m,,,1.74,4.14
30021,CD-2F00m,CD,2F00m,,,1.6,3.8
30022,CD-2F00m,CD,2F00m,,,1.66,3.94
30023,CD-2F00m,CD,2F00m,,,1.58,3.42
30024,CD-2F00m,CD,2F00m,,,1.74,3.84
30025,CD-2F00m,CD,2F00m,,,1.88,4.42
30026,CD-2F00m,CD,2F00m,,,1.7,3.98
30027,CD-2F00m,CD,2F00m,,,1.74,3.67
30028,CD-2F00m,CD,2F00m,,,1.8,3.8
30029,CD-2F00m,CD,2F00m,,,2.02,4.1
30030,CD-2F00m,CD,2F00m,,,1.78,4.28
30031,CD-2F00m,CD,2F00m,,,1.68,4.1
30032,CD-2F00m,CD,2F00m,,,1.82,4.42
30033,CD-2F00m,CD,2F00m,,,1.8,3.56
30034,CD-2F00m,CD,2F00m,,,1.84,4.88
30035,CD-2F00m,CD,2F00m,,,1.92,5.48
30036,CD-2F00m,CD,2F00m,,,1.6,4.06
30037,CD-2F00m,CD,2F00m,,,1.6,3.58
30038,CD-2F00m,CD,2F00m,,,1.64,3.51
30039,CD-2F00m,CD,2F00m,,,1.94,4.64
30040,CD-2F00m,CD,2F00m,,,1.7,5.14
30041,CD-2F00m,CD,2F00m,,,1.68,4.86
30042,CD-2F00m,CD,2F00m,,,1.66,3.94
30043,CD-2F00m,CD,2F00m,,,1.58,4.48
30044,CD-2F00m,CD,2F00m,,,1.86,4.14
30045,CD-2F00m,CD,2F00m,,,1.72,3.9
30046,CD-2F00m,CD,2F00m,,,1.8,5.08
30047,CD-2F00m,CD,2F00m,,,1.8,4.86
30048,CD-2F00m,CD,2F00m,,,1.62,4
30049,CD-2F00m,CD,2F00m,,,1.26,3.36
31000,CD-2F06m,CD,2F06m,,,1.76,3.6
31001,CD-2F06m,CD,2F06m,,,1.62,3.58
31002,CD-2F06m,CD,2F06m,,,1.64,3.7
31003,CD-2F06m,CD,2F06m,,,1.64,3.48
31004,CD-2F06m,CD,2F06m,,,1.66,3.4
31005,CD-2F06m,CD,2F06m,,,2.06,3.92
31006,CD-2F06m,CD,2F06m,,,1.18,3.1
31007,CD-2F06m,CD,2F06m,,,1.46,3.38
31008,CD-2F06m,CD,2F06m,,,1.58,3.58
31009,CD-2F06m,CD,2F06m,,,2.16,3.8
31010,CD-2F06m,CD,2F06m,,,1.2,3.2
31011,CD-2F06m,CD,2F06m,,,1.74,3.9
31012,CD-2F06m,CD,2F06m,,,1.78,3.52
31013,CD-2F06m,CD,2F06m,,,1.46,3.58
31014,CD-2F06m,CD,2F06m,,,1.44,3.38
31015,CD-2F06m,CD,2F06m,,,1.78,3.68
31016,CD-2F06m,CD,2F06m,,,1.38,3.38
31017,CD-2F06m,CD,2F06m,,,1.48,3.44
31018,CD-2F06m,CD,2F06m,,,1.28,3.28
31019,CD-2F06m,CD,2F06m,,,1.6,3.42
31020,CD-2F06m,CD,2F06m,,,1.36,3.32
31021,CD-2F06m,CD,2F06m,,,1.52,3.32
31022,CD-2F06m,CD,2F06m,,,1.32,3.36
31023,CD-2F06m,CD,2F06m,,,1.42,3.02
31024,CD-2F06m,CD,2F06m,,,1.76,3.32
31025,CD-2F06m,CD,2F06m,,,1.16,2.48
31026,CD-2F06m,CD,2F06m,,,1.58,3.18
31027,CD-2F06m,CD,2F06m,,,2,3.46
31028,CD-2F06m,CD,2F06m,,,1.16,2.54
31029,CD-2F06m,CD,2F06m,,,1.04,2.68
31030,CD-2F06m,CD,2F06m,,,1.36,3.36
31031,CD-2F06m,CD,2F06m,,,1.24,3.04
31032,CD-2F06m,CD,2F06m,,,1.62,3.66
31033,CD-2F06m,CD,2F06m,,,1.76,3.74
31034,CD-2F06m,CD,2F06m,,,1.96,3.96
31035,CD-2F06m,CD,2F06m,,,1.28,3.38
31036,CD-2F06m,CD,2F06m,,,1.36,3.28
31037,CD-2F06m,CD,2F06m,,,1.74,3.64
31038,CD-2F06m,CD,2F06m,,,1.52,3.4
31039,CD-2F06m,CD,2F06m,,,1.8,3.64
31040,CD-2F06m,CD,2F06m,,,1.76,3.7
31041,CD-2F06m,CD,2F06m,,,1.68,3.42
31042,CD-2F06m,CD,2F06m,,,1.34,3.52
31043,CD-2F06m,CD,2F06m,,,1.84,3.6
31044,CD-2F06m,CD,2F06m,,,1.73,3.64
31045,CD-2F06m,CD,2F06m,,,1.56,3.52
31046,CD-2F06m,CD,2F06m,,,1.22,3.46
31047,CD-2F06m,CD,2F06m,,,1.6,3.6
31048,CD-2F06m,CD,2F06m,,,1.6,3.44
31049,CD-2F06m,CD,2F06m,,,1.48,3.54
32000,CD-2F12m,CD,2F12m,,,1.58,3.54
32001,CD-2F12m,CD,2F12m,,,1.38,3.04
32002,CD-2F12m,CD,2F12m,,,1.12,2.56
32003,CD-2F12m,CD,2F12m,,,1.3,2.78
32004,CD-2F12m,CD,2F12m,,,1.4,3.38
32005,CD-2F12m,CD,2F12m,,,1.3,3.06
32006,CD-2F12m,CD,2F12m,,,1.78,3.82
32007,CD-2F12m,CD,2F12m,,,1.4,3.05
32008,CD-2F12m,CD,2F12m,,,1.64,3.72
32009,CD-2F12m,CD,2F12m,,,1.5,3.09
32010,CD-2F12m,CD,2F12m,,,1.42,3.32
32011,CD-2F12m,CD,2F12m,,,1.08,3.08
32012,CD-2F12m,CD,2F12m,,,1.22,2.88
32013,CD-2F12m,CD,2F12m,,,1.7,3.6
32014,CD-2F12m,CD,2F12m,,,1.41,3.34
32015,CD-2F12m,CD,2F12m,,,1.48,3.44
32016,CD-2F12m,CD,2F12m,,,1.44,3.58
32017,CD-2F12m,CD,2F12m,,,1.6,3.32
32018,CD-2F12m,CD,2F12m,,,1.3,2.87
32019,CD-2F12m,CD,2F12m,,,1.6,3.2
32020,CD-2F12m,CD,2F12m,,,1.74,3.94
32021,CD-2F12m,CD,2F12m,,,1.44,3.43
32022,CD-2F12m,CD,2F12m,,,1.6,3.46
32023,CD-2F12m,CD,2F12m,,,1.6,3.54
32024,CD-2F12m,CD,2F12m,,,1.26,2.92
32025,CD-2F12m,CD,2F12m,,,1.76,3.58
32026,CD-2F12m,CD,2F12m,,,0.94,2.8
32027,CD-2F12m,CD,2F12m,,,1.32,3.2
32028,CD-2F12m,CD,2F12m,,,1.8,3.9
32029,CD-2F12m,CD,2F12m,,,1.88,3.64
32030,CD-2F12m,CD,2F12m,,,1.4,3.44
32031,CD-2F12m,CD,2F12m,,,1.52,3.68
32032,CD-2F12m,CD,2F12m,,,1.56,3.4
32033,CD-2F12m,CD,2F12m,,,1.66,3.38
32034,CD-2F12m,CD,2F12m,,,1.77,3.52
32035,CD-2F12m,CD,2F12m,,,1.52,3.41
32036,CD-2F12m,CD,2F12m,,,1.88,3.74
32037,CD-2F12m,CD,2F12m,,,1.1,2.82
32038,CD-2F12m,CD,2F12m,,,1.78,3.68
32039,CD-2F12m,CD,2F12m,,,1.66,3.5
32040,CD-2F12m,CD,2F12m,,,1.6,3.4
32041,CD-2F12m,CD,2F12m,,,1.28,3.38
32042,CD-2F12m,CD,2F12m,,,1.54,3.61
32043,CD-2F12m,CD,2F12m,,,1.28,3.44
32044,CD-2F12m,CD,2F12m,,,1.68,3.52
32045,CD-2F12m,CD,2F12m,,,1.64,3.3
32046,CD-2F12m,CD,2F12m,,,1.52,3.44
32047,CD-2F12m,CD,2F12m,,,1,2.74
32048,CD-2F12m,CD,2F12m,,,1.4,3.26
32049,CD-2F12m,CD,2F12m,,,1.64,3.56
33000,CD-3F00m,CD,3F00m,,,1.62,3.62
33001,CD-3F00m,CD,3F00m,,,1.46,3.46
33002,CD-3F00m,CD,3F00m,,,1.08,2.38
33003,CD-3F00m,CD,3F00m,,,1.06,2.32
33004,CD-3F00m,CD,3F00m,,,1.82,3.06
33005,CD-3F00m,CD,3F00m,,,1.52,3.4
33006,CD-3F00m,CD,3F00m,,,1.58,3.42
33007,CD-3F00m,CD,3F00m,,,1.48,3.38
33008,CD-3F00m,CD,3F00m,,,1.68,3.48
33009,CD-3F00m,CD,3F00m,,,1.62,3.56
33010,CD-3F00m,CD,3F00m,,,1.7,2.82
33011,CD-3F00m,CD,3F00m,,,1.7,2.82
33012,CD-3F00m,CD,3F00m,,,1.52,3.49
33013,CD-3F00m,CD,3F00m,,,1.56,3.52
33014,CD-3F00m,CD,3F00m,,,1.7,3.54
33015,CD-3F00m,CD,3F00m,,,1.54,3.26
33016,CD-3F00m,CD,3F00m,,,1.53,3.46
33017,CD-3F00m,CD,3F00m,,,1.6,3.52
33018,CD-3F00m,CD,3F00m,,,1.6,3.6
33019,CD-3F00m,CD,3F00m,,,1.62,3.52
33020,CD-3F00m,CD,3F00m,,,1.44,3.52
33021,CD-3F00m,CD,3F00m,,,1.58,3.54
33022,CD-3F00m,CD,3F00m,,,1.42,3.32
33023,CD-3F00m,CD,3F00m,,,1,2.26
33024,CD-3F00m,CD,3F00m,,,1.58,2.56
33025,CD-3F00m,CD,3F00m,,,1.1,2.06
33026,CD-3F00m,CD,3F00m,,,1.7,3.7
33027,CD-3F00m,CD,3F00m,,,1.62,3.58
33028,CD-3F00m,CD,3F00m,,,1.7,3.72
33029,CD-3F00m,CD,3F00m,,,1.6,3.44
33030,CD-3F00m,CD,3F00m,,,1.58,3.32
33031,CD-3F00m,CD,3F00m,,,1.22,2.26
33032,CD-3F00m,CD,3F00m,,,1.34,2.46
33033,CD-3F00m,CD,3F00m,,,1.32,3.36
33034,CD-3F00m,CD,3F00m,,,1.5,3.48
33035,CD-3F00m,CD,3F00m,,,1.62,3.96
33036,CD-3F00m,CD,3F00m,,,1.6,2.68
33037,CD-3F00m,CD,3F00m,,,1.26,2.42
33038,CD-3F00m,CD,3F00m,,,1.54,2.6
33039,CD-3F00m,CD,3F00m,,,1.26,2.48
33040,CD-3F00m,CD,3F00m,,,1.7,3.46
33041,CD-3F00m,CD,3F00m,,,1.6,3.58
33042,CD-3F00m,CD,3F00m,,,1.62,3.5
33043,CD-3F00m,CD,3F00m,,,1.52,3.62
33044,CD-3F00m,CD,3F00m,,,1.26,2.4
33045,CD-3F00m,CD,3F00m,,,1.6,2.96
33046,CD-3F00m,CD,3F00m,,,1.64,2.76
33047,CD-3F00m,CD,3F00m,,,1.64,2.78
33048,CD-3F00m,CD,3F00m,,,1.66,3.78
33049,CD-3F00m,CD,3F00m,,,1.4,3.34
34000,CD-3F06m,CD,3F06m,,,1.44,3.44
34001,CD-3F06m,CD,3F06m,,,1.18,2.34
34002,CD-3F06m,CD,3F06m,,,1.62,3.48
34003,CD-3F06m,CD,3F06m,,,1.42,3.48
34004,CD-3F06m,CD,3F06m,,,1.06,2.12
34005,CD-3F06m,CD,3F06m,,,1.24,2.7
34006,CD-3F06m,CD,3F06m,,,1.46,3.46
34007,CD-3F06m,CD,3F06m,,,1.68,3.5
34008,CD-3F06m,CD,3F06m,,,1.68,3.66
34009,CD-3F06m,CD,3F06m,,,1.52,3.44
34010,CD-3F06m,CD,3F06m,,,1.52,3.48
34011,CD-3F06m,CD,3F06m,,,1.64,3.58
34012,CD-3F06m,CD,3F06m,,,1.42,3.54
34013,CD-3F06m,CD,3F06m,,,1.7,3.44
34014,CD-3F06m,CD,3F06m,,,1.5,3.48
34015,CD-3F06m,CD,3F06m,,,1.7,3.6
34016,CD-3F06m,CD,3F06m,,,1.98,3.38
34017,CD-3F06m,CD,3F06m,,,1.28,2.5
34018,CD-3F06m,CD,3F06m,,,1.58,3.52
34019,CD-3F06m,CD,3F06m,,,1.6,3.8
34020,CD-3F06m,CD,3F06m,,,1.08,2.36
34021,CD-3F06m,CD,3F06m,,,1.08,2.52
34022,CD-3F06m,CD,3F06m,,,0.98,2.24
34023,CD-3F06m,CD,3F06m,,,1.52,3.62
34024,CD-3F06m,CD,3F06m,,,1.52,3.52
34025,CD-3F06m,CD,3F06m,,,1.64,3.62
34026,CD-3F06m,CD,3F06m,,,1.54,3.68
34027,CD-3F06m,CD,3F06m,,,1.3,2.56
34028,CD-3F06m,CD,3F06m,,,1.4,3.52
34029,CD-3F06m,CD,3F06m,,,1.52,3.48
34030,CD-3F06m,CD,3F06m,,,1.62,2.8
34031,CD-3F06m,CD,3F06m,,,1.34,2.7
34032,CD-3F06m,CD,3F06m,,,1.6,3.7
34033,CD-3F06m,CD,3F06m,,,1.24,2.46
34034,CD-3F06m,CD,3F06m,,,1.54,3.58
34035,CD-3F06m,CD,3F06m,,,0.92,2.3
34036,CD-3F06m,CD,3F06m,,,1.52,3.36
34037,CD-3F06m,CD,3F06m,,,1.06,2.62
34038,CD-3F06m,CD,3F06m,,,1.6,3.81
34039,CD-3F06m,CD,3F06m,,,0.8,2.02
34040,CD-3F06m,CD,3F06m,,,1.18,2.68
34041,CD-3F06m,CD,3F06m,,,1.64,3.88
34042,CD-3F06m,CD,3F06m,,,1.64,3.78
34043,CD-3F06m,CD,3F06m,,,1.76,3.62
34044,CD-3F06m,CD,3F06m,,,1.4,2.6
34045,CD-3F06m,CD,3F06m,,,1.48,3.52
34046,CD-3F06m,CD,3F06m,,,1.38,3.2
34047,CD-3F06m,CD,3F06m,,,1.64,3.6
34048,CD-3F06m,CD,3F06m,,,1.56,3.58
34049,CD-3F06m,CD,3F06m,,,1.46,3.5
35000,CD-3F12m,CD,3F12m,,,1.46,3.82
35001,CD-3F12m,CD,3F12m,,,1.58,3.6
35002,CD-3F12m,CD,3F12m,,,1.76,3.64
35003,CD-3F12m,CD,3F12m,,,1.58,2.92
35004,CD-3F12m,CD,3F12m,,,1.58,3.46
35005,CD-3F12m,CD,3F12m,,,1.58,3.6
35006,CD-3F12m,CD,3F12m,,,1.74,3.76
35007,CD-3F12m,CD,3F12m,,,1.6,3.56
35008,CD-3F12m,CD,3F12m,,,1.66,3.54
35009,CD-3F12m,CD,3F12m,,,1.04,2.4
35010,CD-3F12m,CD,3F12m,,,1.6,2.98
35011,CD-3F12m,CD,3F12m,,,1.42,3.34
35012,CD-3F12m,CD,3F12m,,,1.52,3.4
35013,CD-3F12m,CD,3F12m,,,1.6,3.68
35014,CD-3F12m,CD,3F12m,,,1.54,3.56
35015,CD-3F12m,CD,3F12m,,,1.7,3.6
35016,CD-3F12m,CD,3F12m,,,1.36,2.96
35017,CD-3F12m,CD,3F12m,,,1.28,3.46
35018,CD-3F12m,CD,3F12m,,,1.26,2.68
35019,CD-3F12m,CD,3F12m,,,1.16,2.46
35020,CD-3F12m,CD,3F12m,,,1.62,2.9
35021,CD-3F12m,CD,3F12m,,,1.56,3.41
35022,CD-3F12m,CD,3F12m,,,1.52,3.5
35023,CD-3F12m,CD,3F12m,,,1.6,3.72
35024,CD-3F12m,CD,3F12m,,,1.5,3.56
35025,CD-3F12m,CD,3F12m,,,1.56,3.46
35026,CD-3F12m,CD,3F12m,,,1.24,2.52
35027,CD-3F12m,CD,3F12m,,,1.14,2.46
35028,CD-3F12m,CD,3F12m,,,1.48,3.72
35029,CD-3F12m,CD,3F12m,,,1.6,3.58
35030,CD-3F12m,CD,3F12m,,,1.6,3.42
35031,CD-3F12m,CD,3F12m,,,1.68,3.6
35032,CD-3F12m,CD,3F12m,,,1.52,3.58
35033,CD-3F12m,CD,3F12m,,,1.3,2.5
35034,CD-3F12m,CD,3F12m,,,1.1,2.5
35035,CD-3F12m,CD,3F12m,,,1.66,3.52
35036,CD-3F12m,CD,3F12m,,,1.54,3.72
35037,CD-3F12m,CD,3F12m,,,1.38,3.4
35038,CD-3F12m,CD,3F12m,,,1.56,2.9
35039,CD-3F12m,CD,3F12m,,,1.2,2.5
35040,CD-3F12m,CD,3F12m,,,1.44,2.68
35041,CD-3F12m,CD,3F12m,,,1.78,4
35042,CD-3F12m,CD,3F12m,,,1.6,3.8
35043,CD-3F12m,CD,3F12m,,,1.56,3.52
35044,CD-3F12m,CD,3F12m,,,1.5,3.6
35045,CD-3F12m,CD,3F12m,,,1.64,3.76
35046,CD-3F12m,CD,3F12m,,,1.56,3.44
35047,CD-3F12m,CD,3F12m,,,1.64,3.62
35048,CD-3F12m,CD,3F12m,,,1.66,3.82
35049,CD-3F12m,CD,3F12m,,,1.66,3.6
36000,VC-2F00m,VC,2F00m,,,,
36001,VC-2F00m,VC,2F00m,,,,
36002,VC-2F00m,VC,2F00m,,,,
36003,VC-2F00m,VC,2F00m,,,,
36004,VC-2F00m,VC,2F00m,,,,
36005,VC-2F00m,VC,2F00m,,,,
36006,VC-2F00m,VC,2F00m,,,,
36007,VC-2F00m,VC,2F00m,,,,
36008,VC-2F00m,VC,2F00m,,,,
36009,VC-2F00m,VC,2F00m,,,,
36010,VC-2F00m,VC,2F00m,,,,
36011,VC-2F00m,VC,2F00m,,,,
36012,VC-2F00m,VC,2F00m,,,,
36013,VC-2F00m,VC,2F00m,,,,
36014,VC-2F00m,VC,2F00m,,,,
36015,VC-2F00m,VC,2F00m,,,,
36016,VC-2F00m,VC,2F00m,,,,
36017,VC-2F00m,VC,2F00m,,,,
36018,VC-2F00m,VC,2F00m,,,,
36019,VC-2F00m,VC,2F00m,,,,
36020,VC-2F00m,VC,2F00m,,,,
36021,VC-2F00m,VC,2F00m,,,,
36022,VC-2F00m,VC,2F00m,,,,
36023,VC-2F00m,VC,2F00m,,,,
36024,VC-2F00m,VC,2F00m,,,,
36025,VC-2F00m,VC,2F00m,,,,
36026,VC-2F00m,VC,2F00m,,,,
36027,VC-2F00m,VC,2F00m,,,,
36028,VC-2F00m,VC,2F00m,,,,
36029,VC-2F00m,VC,2F00m,,,,
36030,VC-2F00m,VC,2F00m,,,,
36031,VC-2F00m,VC,2F00m,,,,
36032,VC-2F00m,VC,2F00m,,,,
36033,VC-2F00m,VC,2F00m,,,,
36034,VC-2F00m,VC,2F00m,,,,
36035,VC-2F00m,VC,2F00m,,,,
36036,VC-2F00m,VC,2F00m,,,,
36037,VC-2F00m,VC,2F00m,,,,
36038,VC-2F00m,VC,2F00m,,,,
36039,VC-2F00m,VC,2F00m,,,,
36040,VC-2F00m,VC,2F00m,,,,
36041,VC-2F00m,VC,2F00m,,,,
36042,VC-2F00m,VC,2F00m,,,,
36043,VC-2F00m,VC,2F00m,,,,
36044,VC-2F00m,VC,2F00m,,,,
36045,VC-2F00m,VC,2F00m,,,,
36046,VC-2F00m,VC,2F00m,,,,
36047,VC-2F00m,VC,2F00m,,,,
36048,VC-2F00m,VC,2F00m,,,,
36049,VC-2F00m,VC,2F00m,,,,
37000,VC-2F06m,VC,2F06m,,,,
37001,VC-2F06m,VC,2F06m,,,,
37002,VC-2F06m,VC,2F06m,,,,
37003,VC-2F06m,VC,2F06m,,,,
37004,VC-2F06m,VC,2F06m,,,,
37005,VC-2F06m,VC,2F06m,,,,
37006,VC-2F06m,VC,2F06m,,,,
37007,VC-2F06m,VC,2F06m,,,,
37008,VC-2F06m,VC,2F06m,,,,
37009,VC-2F06m,VC,2F06m,,,,
37010,VC-2F06m,VC,2F06m,,,,
37011,VC-2F06m,VC,2F06m,,,,
37012,VC-2F06m,VC,2F06m,,,,
37013,VC-2F06m,VC,2F06m,,,,
37014,VC-2F06m,VC,2F06m,,,,
37015,VC-2F06m,VC,2F06m,,,,
37016,VC-2F06m,VC,2F06m,,,,
37017,VC-2F06m,VC,2F06m,,,,
37018,VC-2F06m,VC,2F06m,,,,
37019,VC-2F06m,VC,2F06m,,,,
37020,VC-2F06m,VC,2F06m,,,,
37021,VC-2F06m,VC,2F06m,,,,
37022,VC-2F06m,VC,2F06m,,,,
37023,VC-2F06m,VC,2F06m,,,,
37024,VC-2F06m,VC,2F06m,,,,
37025,VC-2F06m,VC,2F06m,,,,
37026,VC-2F06m,VC,2F06m,,,,
37027,VC-2F06m,VC,2F06m,,,,
37028,VC-2F06m,VC,2F06m,,,,
37029,VC-2F06m,VC,2F06m,,,,
37030,VC-2F06m,VC,2F06m,,,,
37031,VC-2F06m,VC,2F06m,,,,
37032,VC-2F06m,VC,2F06m,,,,
37033,VC-2F06m,VC,2F06m,,,,
37034,VC-2F06m,VC,2F06m,,,,
37035,VC-2F06m,VC,2F06m,,,,
37036,VC-2F06m,VC,2F06m,,,,
37037,VC-2F06m,VC,2F06m,,,,
37038,VC-2F06m,VC,2F06m,,,,
37039,VC-2F06m,VC,2F06m,,,,
37040,VC-2F06m,VC,2F06m,,,,
37041,VC-2F06m,VC,2F06m,,,,
37042,VC-2F06m,VC,2F06m,,,,
37043,VC-2F06m,VC,2F06m,,,,
37044,VC-2F06m,VC,2F06m,,,,
37045,VC-2F06m,VC,2F06m,,,,
37046,VC-2F06m,VC,2F06m,,,,
37047,VC-2F06m,VC,2F06m,,,,
37048,VC-2F06m,VC,2F06m,,,,
37049,VC-2F06m,VC,2F06m,,,,
38000,VC-2F12m,VC,2F12m,,,,
38001,VC-2F12m,VC,2F12m,,,,
38002,VC-2F12m,VC,2F12m,,,,
38003,VC-2F12m,VC,2F12m,,,,
38004,VC-2F12m,VC,2F12m,,,,
38005,VC-2F12m,VC,2F12m,,,,
38006,VC-2F12m,VC,2F12m,,,,
38007,VC-2F12m,VC,2F12m,,,,
38008,VC-2F12m,VC,2F12m,,,,
38009,VC-2F12m,VC,2F12m,,,,
38010,VC-2F12m,VC,2F12m,,,,
38011,VC-2F12m,VC,2F12m,,,,
38012,VC-2F12m,VC,2F12m,,,,
38013,VC-2F12m,VC,2F12m,,,,
38014,VC-2F12m,VC,2F12m,,,,
38015,VC-2F12m,VC,2F12m,,,,
38016,VC-2F12m,VC,2F12m,,,,
38017,VC-2F12m,VC,2F12m,,,,
38018,VC-2F12m,VC,2F12m,,,,
38019,VC-2F12m,VC,2F12m,,,,
38020,VC-2F12m,VC,2F12m,,,,
38021,VC-2F12m,VC,2F12m,,,,
38022,VC-2F12m,VC,2F12m,,,,
38023,VC-2F12m,VC,2F12m,,,,
38024,VC-2F12m,VC,2F12m,,,,
38025,VC-2F12m,VC,2F12m,,,,
38026,VC-2F12m,VC,2F12m,,,,
38027,VC-2F12m,VC,2F12m,,,,
38028,VC-2F12m,VC,2F12m,,,,
38029,VC-2F12m,VC,2F12m,,,,
38030,VC-2F12m,VC,2F12m,,,,
38031,VC-2F12m,VC,2F12m,,,,
38032,VC-2F12m,VC,2F12m,,,,
38033,VC-2F12m,VC,2F12m,,,,
38034,VC-2F12m,VC,2F12m,,,,
38035,VC-2F12m,VC,2F12m,,,,
38036,VC-2F12m,VC,2F12m,,,,
38037,VC-2F12m,VC,2F12m,,,,
38038,VC-2F12m,VC,2F12m,,,,
38039,VC-2F12m,VC,2F12m,,,,
38040,VC-2F12m,VC,2F12m,,,,
38041,VC-2F12m,VC,2F12m,,,,
38042,VC-2F12m,VC,2F12m,,,,
38043,VC-2F12m,VC,2F12m,,,,
38044,VC-2F12m,VC,2F12m,,,,
38045,VC-2F12m,VC,2F12m,,,,
38046,VC-2F12m,VC,2F12m,,,,
38047,VC-2F12m,VC,2F12m,,,,
38048,VC-2F12m,VC,2F12m,,,,
38049,VC-2F12m,VC,2F12m,,,,
69000,HH-3F00m,HH,3F00m,,,1.42,1.79
69001,HH-3F00m,HH,3F00m,,,1.3,1.64
69002,HH-3F00m,HH,3F00m,,,1.43,1.75
69003,HH-3F00m,HH,3F00m,,,1.4,1.7
69004,HH-3F00m,HH,3F00m,,,1.59,1.96
69005,HH-3F00m,HH,3F00m,,,1.38,1.72
69006,HH-3F00m,HH,3F00m,,,1.32,1.68
69007,HH-3F00m,HH,3F00m,,,1.5,1.91
69008,HH-3F00m,HH,3F00m,,,1.6,1.94
69009,HH-3F00m,HH,3F00m,,,1.5,1.85
69010,HH-3F00m,HH,3F00m,,,1.59,1.95
69011,HH-3F00m,HH,3F00m,,,1.94,2.28
69012,HH-3F00m,HH,3F00m,,,1.55,1.89
69013,HH-3F00m,HH,3F00m,,,1.88,2.22
69014,HH-3F00m,HH,3F00m,,,1.69,2.06
69015,HH-3F00m,HH,3F00m,,,1.35,1.75
69016,HH-3F00m,HH,3F00m,,,1.34,1.69
69017,HH-3F00m,HH,3F00m,,,1.45,1.8
69018,HH-3F00m,HH,3F00m,,,1.5,1.82
69019,HH-3F00m,HH,3F00m,,,1.41,1.76
69020,HH-3F00m,HH,3F00m,,,1.72,2.08
69021,HH-3F00m,HH,3F00m,,,1.44,1.79
69022,HH-3F00m,HH,3F00m,,,1.53,1.92
69023,HH-3F00m,HH,3F00m,,,1.53,1.92
69024,HH-3F00m,HH,3F00m,,,1.69,2.04
69025,HH-3F00m,HH,3F00m,,,1.89,2.27
69026,HH-3F00m,HH,3F00m,,,1.5,1.88
69027,HH-3F00m,HH,3F00m,,,1.79,2.14
69028,HH-3F00m,HH,3F00m,,,1.6,1.98
69029,HH-3F00m,HH,3F00m,,,1.55,1.89
69030,HH-3F00m,HH,3F00m,,,1.53,2.07
69031,HH-3F00m,HH,3F00m,,,1.57,1.92
69032,HH-3F00m,HH,3F00m,,,1.62,2.01
69033,HH-3F00m,HH,3F00m,,,1.69,2.05
69034,HH-3F00m,HH,3F00m,,,1.49,1.9
69035,HH-3F00m,HH,3F00m,,,1.52,1.96
69036,HH-3F00m,HH,3F00m,,,1.59,1.95
69037,HH-3F00m,HH,3F00m,,,1.69,2.1
69038,HH-3F00m,HH,3F00m,,,1.47,1.88
69039,HH-3F00m,HH,3F00m,,,1.25,1.65
69040,HH-3F00m,HH,3F00m,,,1.46,1.9
69041,HH-3F00m,HH,3F00m,,,1.59,2.06
69042,HH-3F00m,HH,3F00m,,,1.48,2
69043,HH-3F00m,HH,3F00m,,,1.3,1.65
69044,HH-3F00m,HH,3F00m,,,1.51,1.87
69045,HH-3F00m,HH,3F00m,,,1.83,2.22
69046,HH-3F00m,HH,3F00m,,,1.56,1.95
69047,HH-3F00m,HH,3F00m,,,1.59,1.89
69048,HH-3F00m,HH,3F00m,,,1.4,1.77
69049,HH-3F00m,HH,3F00m,,,1.55,1.91
70000,MB-3F00m,MB,3F00m,,,,
70001,MB-3F00m,MB,3F00m,,,,
70002,MB-3F00m,MB,3F00m,,,,
70003,MB-3F00m,MB,3F00m,,,,
70004,MB-3F00m,MB,3F00m,,,,
70005,MB-3F00m,MB,3F00m,,,,
70006,MB-3F00m,MB,3F00m,,,,
70007,MB-3F00m,MB,3F00m,,,,
70008,MB-3F00m,MB,3F00m,,,,
70009,MB-3F00m,MB,3F00m,,,,
70010,MB-3F00m,MB,3F00m,,,,
70011,MB-3F00m,MB,3F00m,,,,
70012,MB-3F00m,MB,3F00m,,,,
70013,MB-3F00m,MB,3F00m,,,,
70014,MB-3F00m,MB,3F00m,,,,
70015,MB-3F00m,MB,3F00m,,,,
70016,MB-3F00m,MB,3F00m,,,,
70017,MB-3F00m,MB,3F00m,,,,
70018,MB-3F00m,MB,3F00m,,,,
70019,MB-3F00m,MB,3F00m,,,,
70020,MB-3F00m,MB,3F00m,,,,
70021,MB-3F00m,MB,3F00m,,,,
70022,MB-3F00m,MB,3F00m,,,,
70023,MB-3F00m,MB,3F00m,,,,
70024,MB-3F00m,MB,3F00m,,,,
70025,MB-3F00m,MB,3F00m,,,,
70026,MB-3F00m,MB,3F00m,,,,
70027,MB-3F00m,MB,3F00m,,,,
70028,MB-3F00m,MB,3F00m,,,,
70029,MB-3F00m,MB,3F00m,,,,
70030,MB-3F00m,MB,3F00m,,,,
70031,MB-3F00m,MB,3F00m,,,,
70032,MB-3F00m,MB,3F00m,,,,
70033,MB-3F00m,MB,3F00m,,,,
70034,MB-3F00m,MB,3F00m,,,,
70035,MB-3F00m,MB,3F00m,,,,
70036,MB-3F00m,MB,3F00m,,,,
70037,MB-3F00m,MB,3F00m,,,,
70038,MB-3F00m,MB,3F00m,,,,
70039,MB-3F00m,MB,3F00m,,,,
70040,MB-3F00m,MB,3F00m,,,,
70041,MB-3F00m,MB,3F00m,,,,
70042,MB-3F00m,MB,3F00m,,,,
70043,MB-3F00m,MB,3F00m,,,,
70044,MB-3F00m,MB,3F00m,,,,
70045,MB-3F00m,MB,3F00m,,,,
70046,MB-3F00m,MB,3F00m,,,,
70047,MB-3F00m,MB,3F00m,,,,
70048,MB-3F00m,MB,3F00m,,,,
70049,MB-3F00m,MB,3F00m,,,,
71000,HH-3F01m,HH,3F01m,,,,
71001,HH-3F01m,HH,3F01m,,,,
71002,HH-3F01m,HH,3F01m,,,,
71003,HH-3F01m,HH,3F01m,,,,
71004,HH-3F01m,HH,3F01m,,,,
71005,HH-3F01m,HH,3F01m,,,,
71006,HH-3F01m,HH,3F01m,,,,
71007,HH-3F01m,HH,3F01m,,,,
71008,HH-3F01m,HH,3F01m,,,,
71009,HH-3F01m,HH,3F01m,,,,
71010,HH-3F01m,HH,3F01m,,,,
71011,HH-3F01m,HH,3F01m,,,,
71012,HH-3F01m,HH,3F01m,,,,
71013,HH-3F01m,HH,3F01m,,,,
71014,HH-3F01m,HH,3F01m,,,,
71015,HH-3F01m,HH,3F01m,,,,
71016,HH-3F01m,HH,3F01m,,,,
71017,HH-3F01m,HH,3F01m,,,,
71018,HH-3F01m,HH,3F01m,,,,
71019,HH-3F01m,HH,3F01m,,,,
71020,HH-3F01m,HH,3F01m,,,,
71021,HH-3F01m,HH,3F01m,,,,
71022,HH-3F01m,HH,3F01m,,,,
71023,HH-3F01m,HH,3F01m,,,,
71024,HH-3F01m,HH,3F01m,,,,
71025,HH-3F01m,HH,3F01m,,,,
71026,HH-3F01m,HH,3F01m,,,,
71027,HH-3F01m,HH,3F01m,,,,
71028,HH-3F01m,HH,3F01m,,,,
71029,HH-3F01m,HH,3F01m,,,,
71030,HH-3F01m,HH,3F01m,,,,
71031,HH-3F01m,HH,3F01m,,,,
71032,HH-3F01m,HH,3F01m,,,,
71033,HH-3F01m,HH,3F01m,,,,
71034,HH-3F01m,HH,3F01m,,,,
71035,HH-3F01m,HH,3F01m,,,,
71036,HH-3F01m,HH,3F01m,,,,
71037,HH-3F01m,HH,3F01m,,,,
71038,HH-3F01m,HH,3F01m,,,,
71039,HH-3F01m,HH,3F01m,,,,
71040,HH-3F01m,HH,3F01m,,,,
71041,HH-3F01m,HH,3F01m,,,,
71042,HH-3F01m,HH,3F01m,,,,
71043,HH-3F01m,HH,3F01m,,,,
71044,HH-3F01m,HH,3F01m,,,,
71045,HH-3F01m,HH,3F01m,,,,
71046,HH-3F01m,HH,3F01m,,,,
71047,HH-3F01m,HH,3F01m,,,,
71048,HH-3F01m,HH,3F01m,,,,
71049,HH-3F01m,HH,3F01m,,,,
72000,MB-3F01m,MB,3F01m,,,,
72001,MB-3F01m,MB,3F01m,,,,
72002,MB-3F01m,MB,3F01m,,,,
72003,MB-3F01m,MB,3F01m,,,,
72004,MB-3F01m,MB,3F01m,,,,
72005,MB-3F01m,MB,3F01m,,,,
72006,MB-3F01m,MB,3F01m,,,,
72007,MB-3F01m,MB,3F01m,,,,
72008,MB-3F01m,MB,3F01m,,,,
72009,MB-3F01m,MB,3F01m,,,,
72010,MB-3F01m,MB,3F01m,,,,
72011,MB-3F01m,MB,3F01m,,,,
72012,MB-3F01m,MB,3F01m,,,,
72013,MB-3F01m,MB,3F01m,,,,
72014,MB-3F01m,MB,3F01m,,,,
72015,MB-3F01m,MB,3F01m,,,,
72016,MB-3F01m,MB,3F01m,,,,
72017,MB-3F01m,MB,3F01m,,,,
72018,MB-3F01m,MB,3F01m,,,,
72019,MB-3F01m,MB,3F01m,,,,
72020,MB-3F01m,MB,3F01m,,,,
72021,MB-3F01m,MB,3F01m,,,,
72022,MB-3F01m,MB,3F01m,,,,
72023,MB-3F01m,MB,3F01m,,,,
72024,MB-3F01m,MB,3F01m,,,,
72025,MB-3F01m,MB,3F01m,,,,
72026,MB-3F01m,MB,3F01m,,,,
72027,MB-3F01m,MB,3F01m,,,,
72028,MB-3F01m,MB,3F01m,,,,
72029,MB-3F01m,MB,3F01m,,,,
72030,MB-3F01m,MB,3F01m,,,,
72031,MB-3F01m,MB,3F01m,,,,
72032,MB-3F01m,MB,3F01m,,,,
72033,MB-3F01m,MB,3F01m,,,,
72034,MB-3F01m,MB,3F01m,,,,
72035,MB-3F01m,MB,3F01m,,,,
72036,MB-3F01m,MB,3F01m,,,,
72037,MB-3F01m,MB,3F01m,,,,
72038,MB-3F01m,MB,3F01m,,,,
72039,MB-3F01m,MB,3F01m,,,,
72040,MB-3F01m,MB,3F01m,,,,
72041,MB-3F01m,MB,3F01m,,,,
72042,MB-3F01m,MB,3F01m,,,,
72043,MB-3F01m,MB,3F01m,,,,
72044,MB-3F01m,MB,3F01m,,,,
72045,MB-3F01m,MB,3F01m,,,,
72046,MB-3F01m,MB,3F01m,,,,
72047,MB-3F01m,MB,3F01m,,,,
72048,MB-3F01m,MB,3F01m,,,,
72049,MB-3F01m,MB,3F01m,,,,
73000,HH-3F02m,HH,3F02m,,,,
73001,HH-3F02m,HH,3F02m,,,,
73002,HH-3F02m,HH,3F02m,,,,
73003,HH-3F02m,HH,3F02m,,,,
73004,HH-3F02m,HH,3F02m,,,,
73005,HH-3F02m,HH,3F02m,,,,
73006,HH-3F02m,HH,3F02m,,,,
73007,HH-3F02m,HH,3F02m,,,,
73008,HH-3F02m,HH,3F02m,,,,
73009,HH-3F02m,HH,3F02m,,,,
73010,HH-3F02m,HH,3F02m,,,,
73011,HH-3F02m,HH,3F02m,,,,
73012,HH-3F02m,HH,3F02m,,,,
73013,HH-3F02m,HH,3F02m,,,,
73014,HH-3F02m,HH,3F02m,,,,
73015,HH-3F02m,HH,3F02m,,,,
73016,HH-3F02m,HH,3F02m,,,,
73017,HH-3F02m,HH,3F02m,,,,
73018,HH-3F02m,HH,3F02m,,,,
73019,HH-3F02m,HH,3F02m,,,,
73020,HH-3F02m,HH,3F02m,,,,
73021,HH-3F02m,HH,3F02m,,,,
73022,HH-3F02m,HH,3F02m,,,,
73023,HH-3F02m,HH,3F02m,,,,
73024,HH-3F02m,HH,3F02m,,,,
73025,HH-3F02m,HH,3F02m,,,,
73026,HH-3F02m,HH,3F02m,,,,
73027,HH-3F02m,HH,3F02m,,,,
73028,HH-3F02m,HH,3F02m,,,,
73029,HH-3F02m,HH,3F02m,,,,
73030,HH-3F02m,HH,3F02m,,,,
73031,HH-3F02m,HH,3F02m,,,,
73032,HH-3F02m,HH,3F02m,,,,
73033,HH-3F02m,HH,3F02m,,,,
73034,HH-3F02m,HH,3F02m,,,,
73035,HH-3F02m,HH,3F02m,,,,
73036,HH-3F02m,HH,3F02m,,,,
73037,HH-3F02m,HH,3F02m,,,,
73038,HH-3F02m,HH,3F02m,,,,
73039,HH-3F02m,HH,3F02m,,,,
73040,HH-3F02m,HH,3F02m,,,,
73041,HH-3F02m,HH,3F02m,,,,
73042,HH-3F02m,HH,3F02m,,,,
73043,HH-3F02m,HH,3F02m,,,,
73044,HH-3F02m,HH,3F02m,,,,
73045,HH-3F02m,HH,3F02m,,,,
73046,HH-3F02m,HH,3F02m,,,,
73047,HH-3F02m,HH,3F02m,,,,
73048,HH-3F02m,HH,3F02m,,,,
73049,HH-3F02m,HH,3F02m,,,,
74000,MB-3F02m,MB,3F02m,,,,
74001,MB-3F02m,MB,3F02m,,,,
74002,MB-3F02m,MB,3F02m,,,,
74003,MB-3F02m,MB,3F02m,,,,
74004,MB-3F02m,MB,3F02m,,,,
74005,MB-3F02m,MB,3F02m,,,,
74006,MB-3F02m,MB,3F02m,,,,
74007,MB-3F02m,MB,3F02m,,,,
74008,MB-3F02m,MB,3F02m,,,,
74009,MB-3F02m,MB,3F02m,,,,
74010,MB-3F02m,MB,3F02m,,,,
74011,MB-3F02m,MB,3F02m,,,,
74012,MB-3F02m,MB,3F02m,,,,
74013,MB-3F02m,MB,3F02m,,,,
74014,MB-3F02m,MB,3F02m,,,,
74015,MB-3F02m,MB,3F02m,,,,
74016,MB-3F02m,MB,3F02m,,,,
74017,MB-3F02m,MB,3F02m,,,,
74018,MB-3F02m,MB,3F02m,,,,
74019,MB-3F02m,MB,3F02m,,,,
74020,MB-3F02m,MB,3F02m,,,,
74021,MB-3F02m,MB,3F02m,,,,
74022,MB-3F02m,MB,3F02m,,,,
74023,MB-3F02m,MB,3F02m,,,,
74024,MB-3F02m,MB,3F02m,,,,
74025,MB-3F02m,MB,3F02m,,,,
74026,MB-3F02m,MB,3F02m,,,,
74027,MB-3F02m,MB,3F02m,,,,
74028,MB-3F02m,MB,3F02m,,,,
74029,MB-3F02m,MB,3F02m,,,,
74030,MB-3F02m,MB,3F02m,,,,
74031,MB-3F02m,MB,3F02m,,,,
74032,MB-3F02m,MB,3F02m,,,,
74033,MB-3F02m,MB,3F02m,,,,
74034,MB-3F02m,MB,3F02m,,,,
74035,MB-3F02m,MB,3F02m,,,,
74036,MB-3F02m,MB,3F02m,,,,
74037,MB-3F02m,MB,3F02m,,,,
74038,MB-3F02m,MB,3F02m,,,,
74039,MB-3F02m,MB,3F02m,,,,
74040,MB-3F02m,MB,3F02m,,,,
74041,MB-3F02m,MB,3F02m,,,,
74042,MB-3F02m,MB,3F02m,,,,
74043,MB-3F02m,MB,3F02m,,,,
74044,MB-3F02m,MB,3F02m,,,,
74045,MB-3F02m,MB,3F02m,,,,
74046,MB-3F02m,MB,3F02m,,,,
74047,MB-3F02m,MB,3F02m,,,,
74048,MB-3F02m,MB,3F02m,,,,
74049,MB-3F02m,MB,3F02m,,,,
75000,HH-3F03m,HH,3F03m,,,,
75001,HH-3F03m,HH,3F03m,,,,
75002,HH-3F03m,HH,3F03m,,,,
75003,HH-3F03m,HH,3F03m,,,,
75004,HH-3F03m,HH,3F03m,,,,
75005,HH-3F03m,HH,3F03m,,,,
75006,HH-3F03m,HH,3F03m,,,,
75007,HH-3F03m,HH,3F03m,,,,
75008,HH-3F03m,HH,3F03m,,,,
75009,HH-3F03m,HH,3F03m,,,,
75010,HH-3F03m,HH,3F03m,,,,
75011,HH-3F03m,HH,3F03m,,,,
75012,HH-3F03m,HH,3F03m,,,,
75013,HH-3F03m,HH,3F03m,,,,
75014,HH-3F03m,HH,3F03m,,,,
75015,HH-3F03m,HH,3F03m,,,,
75016,HH-3F03m,HH,3F03m,,,,
75017,HH-3F03m,HH,3F03m,,,,
75018,HH-3F03m,HH,3F03m,,,,
75019,HH-3F03m,HH,3F03m,,,,
75020,HH-3F03m,HH,3F03m,,,,
75021,HH-3F03m,HH,3F03m,,,,
75022,HH-3F03m,HH,3F03m,,,,
75023,HH-3F03m,HH,3F03m,,,,
75024,HH-3F03m,HH,3F03m,,,,
75025,HH-3F03m,HH,3F03m,,,,
75026,HH-3F03m,HH,3F03m,,,,
75027,HH-3F03m,HH,3F03m,,,,
75028,HH-3F03m,HH,3F03m,,,,
75029,HH-3F03m,HH,3F03m,,,,
75030,HH-3F03m,HH,3F03m,,,,
75031,HH-3F03m,HH,3F03m,,,,
75032,HH-3F03m,HH,3F03m,,,,
75033,HH-3F03m,HH,3F03m,,,,
75034,HH-3F03m,HH,3F03m,,,,
75035,HH-3F03m,HH,3F03m,,,,
75036,HH-3F03m,HH,3F03m,,,,
75037,HH-3F03m,HH,3F03m,,,,
75038,HH-3F03m,HH,3F03m,,,,
75039,HH-3F03m,HH,3F03m,,,,
75040,HH-3F03m,HH,3F03m,,,,
75041,HH-3F03m,HH,3F03m,,,,
75042,HH-3F03m,HH,3F03m,,,,
75043,HH-3F03m,HH,3F03m,,,,
75044,HH-3F03m,HH,3F03m,,,,
75045,HH-3F03m,HH,3F03m,,,,
75046,HH-3F03m,HH,3F03m,,,,
75047,HH-3F03m,HH,3F03m,,,,
75048,HH-3F03m,HH,3F03m,,,,
75049,HH-3F03m,HH,3F03m,,,,
76000,MB-3F03m,MB,3F03m,,,,
76001,MB-3F03m,MB,3F03m,,,,
76002,MB-3F03m,MB,3F03m,,,,
76003,MB-3F03m,MB,3F03m,,,,
76004,MB-3F03m,MB,3F03m,,,,
76005,MB-3F03m,MB,3F03m,,,,
76006,MB-3F03m,MB,3F03m,,,,
76007,MB-3F03m,MB,3F03m,,,,
76008,MB-3F03m,MB,3F03m,,,,
76009,MB-3F03m,MB,3F03m,,,,
76010,MB-3F03m,MB,3F03m,,,,
76011,MB-3F03m,MB,3F03m,,,,
76012,MB-3F03m,MB,3F03m,,,,
76013,MB-3F03m,MB,3F03m,,,,
76014,MB-3F03m,MB,3F03m,,,,
76015,MB-3F03m,MB,3F03m,,,,
76016,MB-3F03m,MB,3F03m,,,,
76017,MB-3F03m,MB,3F03m,,,,
76018,MB-3F03m,MB,3F03m,,,,
76019,MB-3F03m,MB,3F03m,,,,
76020,MB-3F03m,MB,3F03m,,,,
76021,MB-3F03m,MB,3F03m,,,,
76022,MB-3F03m,MB,3F03m,,,,
76023,MB-3F03m,MB,3F03m,,,,
76024,MB-3F03m,MB,3F03m,,,,
76025,MB-3F03m,MB,3F03m,,,,
76026,MB-3F03m,MB,3F03m,,,,
76027,MB-3F03m,MB,3F03m,,,,
76028,MB-3F03m,MB,3F03m,,,,
76029,MB-3F03m,MB,3F03m,,,,
76030,MB-3F03m,MB,3F03m,,,,
76031,MB-3F03m,MB,3F03m,,,,
76032,MB-3F03m,MB,3F03m,,,,
76033,MB-3F03m,MB,3F03m,,,,
76034,MB-3F03m,MB,3F03m,,,,
76035,MB-3F03m,MB,3F03m,,,,
76036,MB-3F03m,MB,3F03m,,,,
76037,MB-3F03m,MB,3F03m,,,,
76038,MB-3F03m,MB,3F03m,,,,
76039,MB-3F03m,MB,3F03m,,,,
76040,MB-3F03m,MB,3F03m,,,,
76041,MB-3F03m,MB,3F03m,,,,
76042,MB-3F03m,MB,3F03m,,,,
76043,MB-3F03m,MB,3F03m,,,,
76044,MB-3F03m,MB,3F03m,,,,
76045,MB-3F03m,MB,3F03m,,,,
76046,MB-3F03m,MB,3F03m,,,,
76047,MB-3F03m,MB,3F03m,,,,
76048,MB-3F03m,MB,3F03m,,,,
76049,MB-3F03m,MB,3F03m,,,,
77000,HH-3F04m,HH,3F04m,,,,
77001,HH-3F04m,HH,3F04m,,,,
77002,HH-3F04m,HH,3F04m,,,,
77003,HH-3F04m,HH,3F04m,,,,
77004,HH-3F04m,HH,3F04m,,,,
77005,HH-3F04m,HH,3F04m,,,,
77006,HH-3F04m,HH,3F04m,,,,
77007,HH-3F04m,HH,3F04m,,,,
77008,HH-3F04m,HH,3F04m,,,,
77009,HH-3F04m,HH,3F04m,,,,
77010,HH-3F04m,HH,3F04m,,,,
77011,HH-3F04m,HH,3F04m,,,,
77012,HH-3F04m,HH,3F04m,,,,
77013,HH-3F04m,HH,3F04m,,,,
77014,HH-3F04m,HH,3F04m,,,,
77015,HH-3F04m,HH,3F04m,,,,
77016,HH-3F04m,HH,3F04m,,,,
77017,HH-3F04m,HH,3F04m,,,,
77018,HH-3F04m,HH,3F04m,,,,
77019,HH-3F04m,HH,3F04m,,,,
77020,HH-3F04m,HH,3F04m,,,,
77021,HH-3F04m,HH,3F04m,,,,
77022,HH-3F04m,HH,3F04m,,,,
77023,HH-3F04m,HH,3F04m,,,,
77024,HH-3F04m,HH,3F04m,,,,
77025,HH-3F04m,HH,3F04m,,,,
77026,HH-3F04m,HH,3F04m,,,,
77027,HH-3F04m,HH,3F04m,,,,
77028,HH-3F04m,HH,3F04m,,,,
77029,HH-3F04m,HH,3F04m,,,,
77030,HH-3F04m,HH,3F04m,,,,
77031,HH-3F04m,HH,3F04m,,,,
77032,HH-3F04m,HH,3F04m,,,,
77033,HH-3F04m,HH,3F04m,,,,
77034,HH-3F04m,HH,3F04m,,,,
77035,HH-3F04m,HH,3F04m,,,,
77036,HH-3F04m,HH,3F04m,,,,
77037,HH-3F04m,HH,3F04m,,,,
77038,HH-3F04m,HH,3F04m,,,,
77039,HH-3F04m,HH,3F04m,,,,
77040,HH-3F04m,HH,3F04m,,,,
77041,HH-3F04m,HH,3F04m,,,,
77042,HH-3F04m,HH,3F04m,,,,
77043,HH-3F04m,HH,3F04m,,,,
77044,HH-3F04m,HH,3F04m,,,,
77045,HH-3F04m,HH,3F04m,,,,
77046,HH-3F04m,HH,3F04m,,,,
77047,HH-3F04m,HH,3F04m,,,,
77048,HH-3F04m,HH,3F04m,,,,
77049,HH-3F04m,HH,3F04m,,,,
78000,MB-3F04m,MB,3F04m,,,,
78001,MB-3F04m,MB,3F04m,,,,
78002,MB-3F04m,MB,3F04m,,,,
78003,MB-3F04m,MB,3F04m,,,,
78004,MB-3F04m,MB,3F04m,,,,
78005,MB-3F04m,MB,3F04m,,,,
78006,MB-3F04m,MB,3F04m,,,,
78007,MB-3F04m,MB,3F04m,,,,
78008,MB-3F04m,MB,3F04m,,,,
78009,MB-3F04m,MB,3F04m,,,,
78010,MB-3F04m,MB,3F04m,,,,
78011,MB-3F04m,MB,3F04m,,,,
78012,MB-3F04m,MB,3F04m,,,,
78013,MB-3F04m,MB,3F04m,,,,
78014,MB-3F04m,MB,3F04m,,,,
78015,MB-3F04m,MB,3F04m,,,,
78016,MB-3F04m,MB,3F04m,,,,
78017,MB-3F04m,MB,3F04m,,,,
78018,MB-3F04m,MB,3F04m,,,,
78019,MB-3F04m,MB,3F04m,,,,
78020,MB-3F04m,MB,3F04m,,,,
78021,MB-3F04m,MB,3F04m,,,,
78022,MB-3F04m,MB,3F04m,,,,
78023,MB-3F04m,MB,3F04m,,,,
78024,MB-3F04m,MB,3F04m,,,,
78025,MB-3F04m,MB,3F04m,,,,
78026,MB-3F04m,MB,3F04m,,,,
78027,MB-3F04m,MB,3F04m,,,,
78028,MB-3F04m,MB,3F04m,,,,
78029,MB-3F04m,MB,3F04m,,,,
78030,MB-3F04m,MB,3F04m,,,,
78031,MB-3F04m,MB,3F04m,,,,
78032,MB-3F04m,MB,3F04m,,,,
78033,MB-3F04m,MB,3F04m,,,,
78034,MB-3F04m,MB,3F04m,,,,
78035,MB-3F04m,MB,3F04m,,,,
78036,MB-3F04m,MB,3F04m,,,,
78037,MB-3F04m,MB,3F04m,,,,
78038,MB-3F04m,MB,3F04m,,,,
78039,MB-3F04m,MB,3F04m,,,,
78040,MB-3F04m,MB,3F04m,,,,
78041,MB-3F04m,MB,3F04m,,,,
78042,MB-3F04m,MB,3F04m,,,,
78043,MB-3F04m,MB,3F04m,,,,
78044,MB-3F04m,MB,3F04m,,,,
78045,MB-3F04m,MB,3F04m,,,,
78046,MB-3F04m,MB,3F04m,,,,
78047,MB-3F04m,MB,3F04m,,,,
78048,MB-3F04m,MB,3F04m,,,,
78049,MB-3F04m,MB,3F04m,,,,
79000,HH-3F05m,HH,3F05m,,,,
79001,HH-3F05m,HH,3F05m,,,,
79002,HH-3F05m,HH,3F05m,,,,
79003,HH-3F05m,HH,3F05m,,,,
79004,HH-3F05m,HH,3F05m,,,,
79005,HH-3F05m,HH,3F05m,,,,
79006,HH-3F05m,HH,3F05m,,,,
79007,HH-3F05m,HH,3F05m,,,,
79008,HH-3F05m,HH,3F05m,,,,
79009,HH-3F05m,HH,3F05m,,,,
79010,HH-3F05m,HH,3F05m,,,,
79011,HH-3F05m,HH,3F05m,,,,
79012,HH-3F05m,HH,3F05m,,,,
79013,HH-3F05m,HH,3F05m,,,,
79014,HH-3F05m,HH,3F05m,,,,
79015,HH-3F05m,HH,3F05m,,,,
79016,HH-3F05m,HH,3F05m,,,,
79017,HH-3F05m,HH,3F05m,,,,
79018,HH-3F05m,HH,3F05m,,,,
79019,HH-3F05m,HH,3F05m,,,,
79020,HH-3F05m,HH,3F05m,,,,
79021,HH-3F05m,HH,3F05m,,,,
79022,HH-3F05m,HH,3F05m,,,,
79023,HH-3F05m,HH,3F05m,,,,
79024,HH-3F05m,HH,3F05m,,,,
79025,HH-3F05m,HH,3F05m,,,,
79026,HH-3F05m,HH,3F05m,,,,
79027,HH-3F05m,HH,3F05m,,,,
79028,HH-3F05m,HH,3F05m,,,,
79029,HH-3F05m,HH,3F05m,,,,
79030,HH-3F05m,HH,3F05m,,,,
79031,HH-3F05m,HH,3F05m,,,,
79032,HH-3F05m,HH,3F05m,,,,
79033,HH-3F05m,HH,3F05m,,,,
79034,HH-3F05m,HH,3F05m,,,,
79035,HH-3F05m,HH,3F05m,,,,
79036,HH-3F05m,HH,3F05m,,,,
79037,HH-3F05m,HH,3F05m,,,,
79038,HH-3F05m,HH,3F05m,,,,
79039,HH-3F05m,HH,3F05m,,,,
79040,HH-3F05m,HH,3F05m,,,,
79041,HH-3F05m,HH,3F05m,,,,
79042,HH-3F05m,HH,3F05m,,,,
79043,HH-3F05m,HH,3F05m,,,,
79044,HH-3F05m,HH,3F05m,,,,
79045,HH-3F05m,HH,3F05m,,,,
79046,HH-3F05m,HH,3F05m,,,,
79047,HH-3F05m,HH,3F05m,,,,
79048,HH-3F05m,HH,3F05m,,,,
79049,HH-3F05m,HH,3F05m,,,,
80000,MB-3F05m,MB,3F05m,,,,
80001,MB-3F05m,MB,3F05m,,,,
80002,MB-3F05m,MB,3F05m,,,,
80003,MB-3F05m,MB,3F05m,,,,
80004,MB-3F05m,MB,3F05m,,,,
80005,MB-3F05m,MB,3F05m,,,,
80006,MB-3F05m,MB,3F05m,,,,
80007,MB-3F05m,MB,3F05m,,,,
80008,MB-3F05m,MB,3F05m,,,,
80009,MB-3F05m,MB,3F05m,,,,
80010,MB-3F05m,MB,3F05m,,,,
80011,MB-3F05m,MB,3F05m,,,,
80012,MB-3F05m,MB,3F05m,,,,
80013,MB-3F05m,MB,3F05m,,,,
80014,MB-3F05m,MB,3F05m,,,,
80015,MB-3F05m,MB,3F05m,,,,
80016,MB-3F05m,MB,3F05m,,,,
80017,MB-3F05m,MB,3F05m,,,,
80018,MB-3F05m,MB,3F05m,,,,
80019,MB-3F05m,MB,3F05m,,,,
80020,MB-3F05m,MB,3F05m,,,,
80021,MB-3F05m,MB,3F05m,,,,
80022,MB-3F05m,MB,3F05m,,,,
80023,MB-3F05m,MB,3F05m,,,,
80024,MB-3F05m,MB,3F05m,,,,
80025,MB-3F05m,MB,3F05m,,,,
80026,MB-3F05m,MB,3F05m,,,,
80027,MB-3F05m,MB,3F05m,,,,
80028,MB-3F05m,MB,3F05m,,,,
80029,MB-3F05m,MB,3F05m,,,,
80030,MB-3F05m,MB,3F05m,,,,
80031,MB-3F05m,MB,3F05m,,,,
80032,MB-3F05m,MB,3F05m,,,,
80033,MB-3F05m,MB,3F05m,,,,
80034,MB-3F05m,MB,3F05m,,,,
80035,MB-3F05m,MB,3F05m,,,,
80036,MB-3F05m,MB,3F05m,,,,
80037,MB-3F05m,MB,3F05m,,,,
80038,MB-3F05m,MB,3F05m,,,,
80039,MB-3F05m,MB,3F05m,,,,
80040,MB-3F05m,MB,3F05m,,,,
80041,MB-3F05m,MB,3F05m,,,,
80042,MB-3F05m,MB,3F05m,,,,
80043,MB-3F05m,MB,3F05m,,,,
80044,MB-3F05m,MB,3F05m,,,,
80045,MB-3F05m,MB,3F05m,,,,
80046,MB-3F05m,MB,3F05m,,,,
80047,MB-3F05m,MB,3F05m,,,,
80048,MB-3F05m,MB,3F05m,,,,
80049,MB-3F05m,MB,3F05m,,,,
81000,HH-3F06m,HH,3F06m,,,1.29,1.73
81001,HH-3F06m,HH,3F06m,,,1.59,2.02
81002,HH-3F06m,HH,3F06m,,,1.18,1.66
81003,HH-3F06m,HH,3F06m,,,1.39,2
81004,HH-3F06m,HH,3F06m,,,1.23,1.63
81005,HH-3F06m,HH,3F06m,,,1.21,1.73
81006,HH-3F06m,HH,3F06m,,,1.2,1.66
81007,HH-3F06m,HH,3F06m,,,1.57,2
81008,HH-3F06m,HH,3F06m,,,1.2,1.65
81009,HH-3F06m,HH,3F06m,,,1.35,1.89
81010,HH-3F06m,HH,3F06m,,,0.98,1.41
81011,HH-3F06m,HH,3F06m,,,1.52,1.94
81012,HH-3F06m,HH,3F06m,,,1.74,2.32
81013,HH-3F06m,HH,3F06m,,,1.03,1.54
81014,HH-3F06m,HH,3F06m,,,1.51,2.08
81015,HH-3F06m,HH,3F06m,,,1.47,1.99
81016,HH-3F06m,HH,3F06m,,,1.32,1.94
81017,HH-3F06m,HH,3F06m,,,1.43,2.1
81018,HH-3F06m,HH,3F06m,,,2.03,2.5
81019,HH-3F06m,HH,3F06m,,,1.24,2.12
81020,HH-3F06m,HH,3F06m,,,1.06,1.5
81021,HH-3F06m,HH,3F06m,,,1.74,2.2
81022,HH-3F06m,HH,3F06m,,,1.33,1.8
81023,HH-3F06m,HH,3F06m,,,1.56,2
81024,HH-3F06m,HH,3F06m,,,0.92,1.4
81025,HH-3F06m,HH,3F06m,,,1.31,1.8
81026,HH-3F06m,HH,3F06m,,,1.39,1.94
81027,HH-3F06m,HH,3F06m,,,1.18,1.67
81028,HH-3F06m,HH,3F06m,,,2.05,2.48
81029,HH-3F06m,HH,3F06m,,,1.36,1.9
81030,HH-3F06m,HH,3F06m,,,1.2,1.65
81031,HH-3F06m,HH,3F06m,,,1.2,1.65
81032,HH-3F06m,HH,3F06m,,,1.32,1.72
81033,HH-3F06m,HH,3F06m,,,1.6,2.08
81034,HH-3F06m,HH,3F06m,,,1.27,1.67
81035,HH-3F06m,HH,3F06m,,,1.33,1.77
81036,HH-3F06m,HH,3F06m,,,1.31,1.82
81037,HH-3F06m,HH,3F06m,,,0.96,1.41
81038,HH-3F06m,HH,3F06m,,,1.6,2.02
81039,HH-3F06m,HH,3F06m,,,1.26,1.7
81040,HH-3F06m,HH,3F06m,,,1.36,1.81
81041,HH-3F06m,HH,3F06m,,,1.27,1.8
81042,HH-3F06m,HH,3F06m,,,1.12,1.55
81043,HH-3F06m,HH,3F06m,,,1.12,1.61
81044,HH-3F06m,HH,3F06m,,,1.38,1.8
81045,HH-3F06m,HH,3F06m,,,1.08,1.59
81046,HH-3F06m,HH,3F06m,,,0.63,1.18
81047,HH-3F06m,HH,3F06m,,,1.56,1.98
81048,HH-3F06m,HH,3F06m,,,1.2,1.55
81049,HH-3F06m,HH,3F06m,,,1.31,1.73
82000,MB-3F06m,MB,3F06m,,,,
82001,MB-3F06m,MB,3F06m,,,,
82002,MB-3F06m,MB,3F06m,,,,
82003,MB-3F06m,MB,3F06m,,,,
82004,MB-3F06m,MB,3F06m,,,,
82005,MB-3F06m,MB,3F06m,,,,
82006,MB-3F06m,MB,3F06m,,,,
82007,MB-3F06m,MB,3F06m,,,,
82008,MB-3F06m,MB,3F06m,,,,
82009,MB-3F06m,MB,3F06m,,,,
82010,MB-3F06m,MB,3F06m,,,,
82011,MB-3F06m,MB,3F06m,,,,
82012,MB-3F06m,MB,3F06m,,,,
82013,MB-3F06m,MB,3F06m,,,,
82014,MB-3F06m,MB,3F06m,,,,
82015,MB-3F06m,MB,3F06m,,,,
82016,MB-3F06m,MB,3F06m,,,,
82017,MB-3F06m,MB,3F06m,,,,
82018,MB-3F06m,MB,3F06m,,,,
82019,MB-3F06m,MB,3F06m,,,,
82020,MB-3F06m,MB,3F06m,,,,
82021,MB-3F06m,MB,3F06m,,,,
82022,MB-3F06m,MB,3F06m,,,,
82023,MB-3F06m,MB,3F06m,,,,
82024,MB-3F06m,MB,3F06m,,,,
82025,MB-3F06m,MB,3F06m,,,,
82026,MB-3F06m,MB,3F06m,,,,
82027,MB-3F06m,MB,3F06m,,,,
82028,MB-3F06m,MB,3F06m,,,,
82029,MB-3F06m,MB,3F06m,,,,
82030,MB-3F06m,MB,3F06m,,,,
82031,MB-3F06m,MB,3F06m,,,,
82032,MB-3F06m,MB,3F06m,,,,
82033,MB-3F06m,MB,3F06m,,,,
82034,MB-3F06m,MB,3F06m,,,,
82035,MB-3F06m,MB,3F06m,,,,
82036,MB-3F06m,MB,3F06m,,,,
82037,MB-3F06m,MB,3F06m,,,,
82038,MB-3F06m,MB,3F06m,,,,
82039,MB-3F06m,MB,3F06m,,,,
82040,MB-3F06m,MB,3F06m,,,,
82041,MB-3F06m,MB,3F06m,,,,
82042,MB-3F06m,MB,3F06m,,,,
82043,MB-3F06m,MB,3F06m,,,,
82044,MB-3F06m,MB,3F06m,,,,
82045,MB-3F06m,MB,3F06m,,,,
82046,MB-3F06m,MB,3F06m,,,,
82047,MB-3F06m,MB,3F06m,,,,
82048,MB-3F06m,MB,3F06m,,,,
82049,MB-3F06m,MB,3F06m,,,,
83000,HH-3F07m,HH,3F07m,,,,
83001,HH-3F07m,HH,3F07m,,,,
83002,HH-3F07m,HH,3F07m,,,,
83003,HH-3F07m,HH,3F07m,,,,
83004,HH-3F07m,HH,3F07m,,,,
83005,HH-3F07m,HH,3F07m,,,,
83006,HH-3F07m,HH,3F07m,,,,
83007,HH-3F07m,HH,3F07m,,,,
83008,HH-3F07m,HH,3F07m,,,,
83009,HH-3F07m,HH,3F07m,,,,
83010,HH-3F07m,HH,3F07m,,,,
83011,HH-3F07m,HH,3F07m,,,,
83012,HH-3F07m,HH,3F07m,,,,
83013,HH-3F07m,HH,3F07m,,,,
83014,HH-3F07m,HH,3F07m,,,,
83015,HH-3F07m,HH,3F07m,,,,
83016,HH-3F07m,HH,3F07m,,,,
83017,HH-3F07m,HH,3F07m,,,,
83018,HH-3F07m,HH,3F07m,,,,
83019,HH-3F07m,HH,3F07m,,,,
83020,HH-3F07m,HH,3F07m,,,,
83021,HH-3F07m,HH,3F07m,,,,
83022,HH-3F07m,HH,3F07m,,,,
83023,HH-3F07m,HH,3F07m,,,,
83024,HH-3F07m,HH,3F07m,,,,
83025,HH-3F07m,HH,3F07m,,,,
83026,HH-3F07m,HH,3F07m,,,,
83027,HH-3F07m,HH,3F07m,,,,
83028,HH-3F07m,HH,3F07m,,,,
83029,HH-3F07m,HH,3F07m,,,,
83030,HH-3F07m,HH,3F07m,,,,
83031,HH-3F07m,HH,3F07m,,,,
83032,HH-3F07m,HH,3F07m,,,,
83033,HH-3F07m,HH,3F07m,,,,
83034,HH-3F07m,HH,3F07m,,,,
83035,HH-3F07m,HH,3F07m,,,,
83036,HH-3F07m,HH,3F07m,,,,
83037,HH-3F07m,HH,3F07m,,,,
83038,HH-3F07m,HH,3F07m,,,,
83039,HH-3F07m,HH,3F07m,,,,
83040,HH-3F07m,HH,3F07m,,,,
83041,HH-3F07m,HH,3F07m,,,,
83042,HH-3F07m,HH,3F07m,,,,
83043,HH-3F07m,HH,3F07m,,,,
83044,HH-3F07m,HH,3F07m,,,,
83045,HH-3F07m,HH,3F07m,,,,
83046,HH-3F07m,HH,3F07m,,,,
83047,HH-3F07m,HH,3F07m,,,,
83048,HH-3F07m,HH,3F07m,,,,
83049,HH-3F07m,HH,3F07m,,,,
84000,MB-3F07m,MB,3F07m,,,,
84001,MB-3F07m,MB,3F07m,,,,
84002,MB-3F07m,MB,3F07m,,,,
84003,MB-3F07m,MB,3F07m,,,,
84004,MB-3F07m,MB,3F07m,,,,
84005,MB-3F07m,MB,3F07m,,,,
84006,MB-3F07m,MB,3F07m,,,,
84007,MB-3F07m,MB,3F07m,,,,
84008,MB-3F07m,MB,3F07m,,,,
84009,MB-3F07m,MB,3F07m,,,,
84010,MB-3F07m,MB,3F07m,,,,
84011,MB-3F07m,MB,3F07m,,,,
84012,MB-3F07m,MB,3F07m,,,,
84013,MB-3F07m,MB,3F07m,,,,
84014,MB-3F07m,MB,3F07m,,,,
84015,MB-3F07m,MB,3F07m,,,,
84016,MB-3F07m,MB,3F07m,,,,
84017,MB-3F07m,MB,3F07m,,,,
84018,MB-3F07m,MB,3F07m,,,,
84019,MB-3F07m,MB,3F07m,,,,
84020,MB-3F07m,MB,3F07m,,,,
84021,MB-3F07m,MB,3F07m,,,,
84022,MB-3F07m,MB,3F07m,,,,
84023,MB-3F07m,MB,3F07m,,,,
84024,MB-3F07m,MB,3F07m,,,,
84025,MB-3F07m,MB,3F07m,,,,
84026,MB-3F07m,MB,3F07m,,,,
84027,MB-3F07m,MB,3F07m,,,,
84028,MB-3F07m,MB,3F07m,,,,
84029,MB-3F07m,MB,3F07m,,,,
84030,MB-3F07m,MB,3F07m,,,,
84031,MB-3F07m,MB,3F07m,,,,
84032,MB-3F07m,MB,3F07m,,,,
84033,MB-3F07m,MB,3F07m,,,,
84034,MB-3F07m,MB,3F07m,,,,
84035,MB-3F07m,MB,3F07m,,,,
84036,MB-3F07m,MB,3F07m,,,,
84037,MB-3F07m,MB,3F07m,,,,
84038,MB-3F07m,MB,3F07m,,,,
84039,MB-3F07m,MB,3F07m,,,,
84040,MB-3F07m,MB,3F07m,,,,
84041,MB-3F07m,MB,3F07m,,,,
84042,MB-3F07m,MB,3F07m,,,,
84043,MB-3F07m,MB,3F07m,,,,
84044,MB-3F07m,MB,3F07m,,,,
84045,MB-3F07m,MB,3F07m,,,,
84046,MB-3F07m,MB,3F07m,,,,
84047,MB-3F07m,MB,3F07m,,,,
84048,MB-3F07m,MB,3F07m,,,,
84049,MB-3F07m,MB,3F07m,,,,
85000,HH-3F08m,HH,3F08m,,,,
85001,HH-3F08m,HH,3F08m,,,,
85002,HH-3F08m,HH,3F08m,,,,
85003,HH-3F08m,HH,3F08m,,,,
85004,HH-3F08m,HH,3F08m,,,,
85005,HH-3F08m,HH,3F08m,,,,
85006,HH-3F08m,HH,3F08m,,,,
85007,HH-3F08m,HH,3F08m,,,,
85008,HH-3F08m,HH,3F08m,,,,
85009,HH-3F08m,HH,3F08m,,,,
85010,HH-3F08m,HH,3F08m,,,,
85011,HH-3F08m,HH,3F08m,,,,
85012,HH-3F08m,HH,3F08m,,,,
85013,HH-3F08m,HH,3F08m,,,,
85014,HH-3F08m,HH,3F08m,,,,
85015,HH-3F08m,HH,3F08m,,,,
85016,HH-3F08m,HH,3F08m,,,,
85017,HH-3F08m,HH,3F08m,,,,
85018,HH-3F08m,HH,3F08m,,,,
85019,HH-3F08m,HH,3F08m,,,,
85020,HH-3F08m,HH,3F08m,,,,
85021,HH-3F08m,HH,3F08m,,,,
85022,HH-3F08m,HH,3F08m,,,,
85023,HH-3F08m,HH,3F08m,,,,
85024,HH-3F08m,HH,3F08m,,,,
85025,HH-3F08m,HH,3F08m,,,,
85026,HH-3F08m,HH,3F08m,,,,
85027,HH-3F08m,HH,3F08m,,,,
85028,HH-3F08m,HH,3F08m,,,,
85029,HH-3F08m,HH,3F08m,,,,
85030,HH-3F08m,HH,3F08m,,,,
85031,HH-3F08m,HH,3F08m,,,,
85032,HH-3F08m,HH,3F08m,,,,
85033,HH-3F08m,HH,3F08m,,,,
85034,HH-3F08m,HH,3F08m,,,,
85035,HH-3F08m,HH,3F08m,,,,
85036,HH-3F08m,HH,3F08m,,,,
85037,HH-3F08m,HH,3F08m,,,,
85038,HH-3F08m,HH,3F08m,,,,
85039,HH-3F08m,HH,3F08m,,,,
85040,HH-3F08m,HH,3F08m,,,,
85041,HH-3F08m,HH,3F08m,,,,
85042,HH-3F08m,HH,3F08m,,,,
85043,HH-3F08m,HH,3F08m,,,,
85044,HH-3F08m,HH,3F08m,,,,
85045,HH-3F08m,HH,3F08m,,,,
85046,HH-3F08m,HH,3F08m,,,,
85047,HH-3F08m,HH,3F08m,,,,
85048,HH-3F08m,HH,3F08m,,,,
85049,HH-3F08m,HH,3F08m,,,,
86000,MB-3F08m,MB,3F08m,,,,
86001,MB-3F08m,MB,3F08m,,,,
86002,MB-3F08m,MB,3F08m,,,,
86003,MB-3F08m,MB,3F08m,,,,
86004,MB-3F08m,MB,3F08m,,,,
86005,MB-3F08m,MB,3F08m,,,,
86006,MB-3F08m,MB,3F08m,,,,
86007,MB-3F08m,MB,3F08m,,,,
86008,MB-3F08m,MB,3F08m,,,,
86009,MB-3F08m,MB,3F08m,,,,
86010,MB-3F08m,MB,3F08m,,,,
86011,MB-3F08m,MB,3F08m,,,,
86012,MB-3F08m,MB,3F08m,,,,
86013,MB-3F08m,MB,3F08m,,,,
86014,MB-3F08m,MB,3F08m,,,,
86015,MB-3F08m,MB,3F08m,,,,
86016,MB-3F08m,MB,3F08m,,,,
86017,MB-3F08m,MB,3F08m,,,,
86018,MB-3F08m,MB,3F08m,,,,
86019,MB-3F08m,MB,3F08m,,,,
86020,MB-3F08m,MB,3F08m,,,,
86021,MB-3F08m,MB,3F08m,,,,
86022,MB-3F08m,MB,3F08m,,,,
86023,MB-3F08m,MB,3F08m,,,,
86024,MB-3F08m,MB,3F08m,,,,
86025,MB-3F08m,MB,3F08m,,,,
86026,MB-3F08m,MB,3F08m,,,,
86027,MB-3F08m,MB,3F08m,,,,
86028,MB-3F08m,MB,3F08m,,,,
86029,MB-3F08m,MB,3F08m,,,,
86030,MB-3F08m,MB,3F08m,,,,
86031,MB-3F08m,MB,3F08m,,,,
86032,MB-3F08m,MB,3F08m,,,,
86033,MB-3F08m,MB,3F08m,,,,
86034,MB-3F08m,MB,3F08m,,,,
86035,MB-3F08m,MB,3F08m,,,,
86036,MB-3F08m,MB,3F08m,,,,
86037,MB-3F08m,MB,3F08m,,,,
86038,MB-3F08m,MB,3F08m,,,,
86039,MB-3F08m,MB,3F08m,,,,
86040,MB-3F08m,MB,3F08m,,,,
86041,MB-3F08m,MB,3F08m,,,,
86042,MB-3F08m,MB,3F08m,,,,
86043,MB-3F08m,MB,3F08m,,,,
86044,MB-3F08m,MB,3F08m,,,,
86045,MB-3F08m,MB,3F08m,,,,
86046,MB-3F08m,MB,3F08m,,,,
86047,MB-3F08m,MB,3F08m,,,,
86048,MB-3F08m,MB,3F08m,,,,
86049,MB-3F08m,MB,3F08m,,,,
87000,HH-3F09m,HH,3F09m,,,,
87001,HH-3F09m,HH,3F09m,,,,
87002,HH-3F09m,HH,3F09m,,,,
87003,HH-3F09m,HH,3F09m,,,,
87004,HH-3F09m,HH,3F09m,,,,
87005,HH-3F09m,HH,3F09m,,,,
87006,HH-3F09m,HH,3F09m,,,,
87007,HH-3F09m,HH,3F09m,,,,
87008,HH-3F09m,HH,3F09m,,,,
87009,HH-3F09m,HH,3F09m,,,,
87010,HH-3F09m,HH,3F09m,,,,
87011,HH-3F09m,HH,3F09m,,,,
87012,HH-3F09m,HH,3F09m,,,,
87013,HH-3F09m,HH,3F09m,,,,
87014,HH-3F09m,HH,3F09m,,,,
87015,HH-3F09m,HH,3F09m,,,,
87016,HH-3F09m,HH,3F09m,,,,
87017,HH-3F09m,HH,3F09m,,,,
87018,HH-3F09m,HH,3F09m,,,,
87019,HH-3F09m,HH,3F09m,,,,
87020,HH-3F09m,HH,3F09m,,,,
87021,HH-3F09m,HH,3F09m,,,,
87022,HH-3F09m,HH,3F09m,,,,
87023,HH-3F09m,HH,3F09m,,,,
87024,HH-3F09m,HH,3F09m,,,,
87025,HH-3F09m,HH,3F09m,,,,
87026,HH-3F09m,HH,3F09m,,,,
87027,HH-3F09m,HH,3F09m,,,,
87028,HH-3F09m,HH,3F09m,,,,
87029,HH-3F09m,HH,3F09m,,,,
87030,HH-3F09m,HH,3F09m,,,,
87031,HH-3F09m,HH,3F09m,,,,
87032,HH-3F09m,HH,3F09m,,,,
87033,HH-3F09m,HH,3F09m,,,,
87034,HH-3F09m,HH,3F09m,,,,
87035,HH-3F09m,HH,3F09m,,,,
87036,HH-3F09m,HH,3F09m,,,,
87037,HH-3F09m,HH,3F09m,,,,
87038,HH-3F09m,HH,3F09m,,,,
87039,HH-3F09m,HH,3F09m,,,,
87040,HH-3F09m,HH,3F09m,,,,
87041,HH-3F09m,HH,3F09m,,,,
87042,HH-3F09m,HH,3F09m,,,,
87043,HH-3F09m,HH,3F09m,,,,
87044,HH-3F09m,HH,3F09m,,,,
87045,HH-3F09m,HH,3F09m,,,,
87046,HH-3F09m,HH,3F09m,,,,
87047,HH-3F09m,HH,3F09m,,,,
87048,HH-3F09m,HH,3F09m,,,,
87049,HH-3F09m,HH,3F09m,,,,
88000,MB-3F09m,MB,3F09m,,,,
88001,MB-3F09m,MB,3F09m,,,,
88002,MB-3F09m,MB,3F09m,,,,
88003,MB-3F09m,MB,3F09m,,,,
88004,MB-3F09m,MB,3F09m,,,,
88005,MB-3F09m,MB,3F09m,,,,
88006,MB-3F09m,MB,3F09m,,,,
88007,MB-3F09m,MB,3F09m,,,,
88008,MB-3F09m,MB,3F09m,,,,
88009,MB-3F09m,MB,3F09m,,,,
88010,MB-3F09m,MB,3F09m,,,,
88011,MB-3F09m,MB,3F09m,,,,
88012,MB-3F09m,MB,3F09m,,,,
88013,MB-3F09m,MB,3F09m,,,,
88014,MB-3F09m,MB,3F09m,,,,
88015,MB-3F09m,MB,3F09m,,,,
88016,MB-3F09m,MB,3F09m,,,,
88017,MB-3F09m,MB,3F09m,,,,
88018,MB-3F09m,MB,3F09m,,,,
88019,MB-3F09m,MB,3F09m,,,,
88020,MB-3F09m,MB,3F09m,,,,
88021,MB-3F09m,MB,3F09m,,,,
88022,MB-3F09m,MB,3F09m,,,,
88023,MB-3F09m,MB,3F09m,,,,
88024,MB-3F09m,MB,3F09m,,,,
88025,MB-3F09m,MB,3F09m,,,,
88026,MB-3F09m,MB,3F09m,,,,
88027,MB-3F09m,MB,3F09m,,,,
88028,MB-3F09m,MB,3F09m,,,,
88029,MB-3F09m,MB,3F09m,,,,
88030,MB-3F09m,MB,3F09m,,,,
88031,MB-3F09m,MB,3F09m,,,,
88032,MB-3F09m,MB,3F09m,,,,
88033,MB-3F09m,MB,3F09m,,,,
88034,MB-3F09m,MB,3F09m,,,,
88035,MB-3F09m,MB,3F09m,,,,
88036,MB-3F09m,MB,3F09m,,,,
88037,MB-3F09m,MB,3F09m,,,,
88038,MB-3F09m,MB,3F09m,,,,
88039,MB-3F09m,MB,3F09m,,,,
88040,MB-3F09m,MB,3F09m,,,,
88041,MB-3F09m,MB,3F09m,,,,
88042,MB-3F09m,MB,3F09m,,,,
88043,MB-3F09m,MB,3F09m,,,,
88044,MB-3F09m,MB,3F09m,,,,
88045,MB-3F09m,MB,3F09m,,,,
88046,MB-3F09m,MB,3F09m,,,,
88047,MB-3F09m,MB,3F09m,,,,
88048,MB-3F09m,MB,3F09m,,,,
88049,MB-3F09m,MB,3F09m,,,,
89000,HH-3F10m,HH,3F10m,,,,
89001,HH-3F10m,HH,3F10m,,,,
89002,HH-3F10m,HH,3F10m,,,,
89003,HH-3F10m,HH,3F10m,,,,
89004,HH-3F10m,HH,3F10m,,,,
89005,HH-3F10m,HH,3F10m,,,,
89006,HH-3F10m,HH,3F10m,,,,
89007,HH-3F10m,HH,3F10m,,,,
89008,HH-3F10m,HH,3F10m,,,,
89009,HH-3F10m,HH,3F10m,,,,
89010,HH-3F10m,HH,3F10m,,,,
89011,HH-3F10m,HH,3F10m,,,,
89012,HH-3F10m,HH,3F10m,,,,
89013,HH-3F10m,HH,3F10m,,,,
89014,HH-3F10m,HH,3F10m,,,,
89015,HH-3F10m,HH,3F10m,,,,
89016,HH-3F10m,HH,3F10m,,,,
89017,HH-3F10m,HH,3F10m,,,,
89018,HH-3F10m,HH,3F10m,,,,
89019,HH-3F10m,HH,3F10m,,,,
89020,HH-3F10m,HH,3F10m,,,,
89021,HH-3F10m,HH,3F10m,,,,
89022,HH-3F10m,HH,3F10m,,,,
89023,HH-3F10m,HH,3F10m,,,,
89024,HH-3F10m,HH,3F10m,,,,
89025,HH-3F10m,HH,3F10m,,,,
89026,HH-3F10m,HH,3F10m,,,,
89027,HH-3F10m,HH,3F10m,,,,
89028,HH-3F10m,HH,3F10m,,,,
89029,HH-3F10m,HH,3F10m,,,,
89030,HH-3F10m,HH,3F10m,,,,
89031,HH-3F10m,HH,3F10m,,,,
89032,HH-3F10m,HH,3F10m,,,,
89033,HH-3F10m,HH,3F10m,,,,
89034,HH-3F10m,HH,3F10m,,,,
89035,HH-3F10m,HH,3F10m,,,,
89036,HH-3F10m,HH,3F10m,,,,
89037,HH-3F10m,HH,3F10m,,,,
89038,HH-3F10m,HH,3F10m,,,,
89039,HH-3F10m,HH,3F10m,,,,
89040,HH-3F10m,HH,3F10m,,,,
89041,HH-3F10m,HH,3F10m,,,,
89042,HH-3F10m,HH,3F10m,,,,
89043,HH-3F10m,HH,3F10m,,,,
89044,HH-3F10m,HH,3F10m,,,,
89045,HH-3F10m,HH,3F10m,,,,
89046,HH-3F10m,HH,3F10m,,,,
89047,HH-3F10m,HH,3F10m,,,,
89048,HH-3F10m,HH,3F10m,,,,
89049,HH-3F10m,HH,3F10m,,,,
90000,MB-3F10m,MB,3F10m,,,,
90001,MB-3F10m,MB,3F10m,,,,
90002,MB-3F10m,MB,3F10m,,,,
90003,MB-3F10m,MB,3F10m,,,,
90004,MB-3F10m,MB,3F10m,,,,
90005,MB-3F10m,MB,3F10m,,,,
90006,MB-3F10m,MB,3F10m,,,,
90007,MB-3F10m,MB,3F10m,,,,
90008,MB-3F10m,MB,3F10m,,,,
90009,MB-3F10m,MB,3F10m,,,,
90010,MB-3F10m,MB,3F10m,,,,
90011,MB-3F10m,MB,3F10m,,,,
90012,MB-3F10m,MB,3F10m,,,,
90013,MB-3F10m,MB,3F10m,,,,
90014,MB-3F10m,MB,3F10m,,,,
90015,MB-3F10m,MB,3F10m,,,,
90016,MB-3F10m,MB,3F10m,,,,
90017,MB-3F10m,MB,3F10m,,,,
90018,MB-3F10m,MB,3F10m,,,,
90019,MB-3F10m,MB,3F10m,,,,
90020,MB-3F10m,MB,3F10m,,,,
90021,MB-3F10m,MB,3F10m,,,,
90022,MB-3F10m,MB,3F10m,,,,
90023,MB-3F10m,MB,3F10m,,,,
90024,MB-3F10m,MB,3F10m,,,,
90025,MB-3F10m,MB,3F10m,,,,
90026,MB-3F10m,MB,3F10m,,,,
90027,MB-3F10m,MB,3F10m,,,,
90028,MB-3F10m,MB,3F10m,,,,
90029,MB-3F10m,MB,3F10m,,,,
90030,MB-3F10m,MB,3F10m,,,,
90031,MB-3F10m,MB,3F10m,,,,
90032,MB-3F10m,MB,3F10m,,,,
90033,MB-3F10m,MB,3F10m,,,,
90034,MB-3F10m,MB,3F10m,,,,
90035,MB-3F10m,MB,3F10m,,,,
90036,MB-3F10m,MB,3F10m,,,,
90037,MB-3F10m,MB,3F10m,,,,
90038,MB-3F10m,MB,3F10m,,,,
90039,MB-3F10m,MB,3F10m,,,,
90040,MB-3F10m,MB,3F10m,,,,
90041,MB-3F10m,MB,3F10m,,,,
90042,MB-3F10m,MB,3F10m,,,,
90043,MB-3F10m,MB,3F10m,,,,
90044,MB-3F10m,MB,3F10m,,,,
90045,MB-3F10m,MB,3F10m,,,,
90046,MB-3F10m,MB,3F10m,,,,
90047,MB-3F10m,MB,3F10m,,,,
90048,MB-3F10m,MB,3F10m,,,,
90049,MB-3F10m,MB,3F10m,,,,
91000,HH-3F11m,HH,3F11m,,,,
91001,HH-3F11m,HH,3F11m,,,,
91002,HH-3F11m,HH,3F11m,,,,
91003,HH-3F11m,HH,3F11m,,,,
91004,HH-3F11m,HH,3F11m,,,,
91005,HH-3F11m,HH,3F11m,,,,
91006,HH-3F11m,HH,3F11m,,,,
91007,HH-3F11m,HH,3F11m,,,,
91008,HH-3F11m,HH,3F11m,,,,
91009,HH-3F11m,HH,3F11m,,,,
91010,HH-3F11m,HH,3F11m,,,,
91011,HH-3F11m,HH,3F11m,,,,
91012,HH-3F11m,HH,3F11m,,,,
91013,HH-3F11m,HH,3F11m,,,,
91014,HH-3F11m,HH,3F11m,,,,
91015,HH-3F11m,HH,3F11m,,,,
91016,HH-3F11m,HH,3F11m,,,,
91017,HH-3F11m,HH,3F11m,,,,
91018,HH-3F11m,HH,3F11m,,,,
91019,HH-3F11m,HH,3F11m,,,,
91020,HH-3F11m,HH,3F11m,,,,
91021,HH-3F11m,HH,3F11m,,,,
91022,HH-3F11m,HH,3F11m,,,,
91023,HH-3F11m,HH,3F11m,,,,
91024,HH-3F11m,HH,3F11m,,,,
91025,HH-3F11m,HH,3F11m,,,,
91026,HH-3F11m,HH,3F11m,,,,
91027,HH-3F11m,HH,3F11m,,,,
91028,HH-3F11m,HH,3F11m,,,,
91029,HH-3F11m,HH,3F11m,,,,
91030,HH-3F11m,HH,3F11m,,,,
91031,HH-3F11m,HH,3F11m,,,,
91032,HH-3F11m,HH,3F11m,,,,
91033,HH-3F11m,HH,3F11m,,,,
91034,HH-3F11m,HH,3F11m,,,,
91035,HH-3F11m,HH,3F11m,,,,
91036,HH-3F11m,HH,3F11m,,,,
91037,HH-3F11m,HH,3F11m,,,,
91038,HH-3F11m,HH,3F11m,,,,
91039,HH-3F11m,HH,3F11m,,,,
91040,HH-3F11m,HH,3F11m,,,,
91041,HH-3F11m,HH,3F11m,,,,
91042,HH-3F11m,HH,3F11m,,,,
91043,HH-3F11m,HH,3F11m,,,,
91044,HH-3F11m,HH,3F11m,,,,
91045,HH-3F11m,HH,3F11m,,,,
91046,HH-3F11m,HH,3F11m,,,,
91047,HH-3F11m,HH,3F11m,,,,
91048,HH-3F11m,HH,3F11m,,,,
91049,HH-3F11m,HH,3F11m,,,,
92000,MB-3F11m,MB,3F11m,,,,
92001,MB-3F11m,MB,3F11m,,,,
92002,MB-3F11m,MB,3F11m,,,,
92003,MB-3F11m,MB,3F11m,,,,
92004,MB-3F11m,MB,3F11m,,,,
92005,MB-3F11m,MB,3F11m,,,,
92006,MB-3F11m,MB,3F11m,,,,
92007,MB-3F11m,MB,3F11m,,,,
92008,MB-3F11m,MB,3F11m,,,,
92009,MB-3F11m,MB,3F11m,,,,
92010,MB-3F11m,MB,3F11m,,,,
92011,MB-3F11m,MB,3F11m,,,,
92012,MB-3F11m,MB,3F11m,,,,
92013,MB-3F11m,MB,3F11m,,,,
92014,MB-3F11m,MB,3F11m,,,,
92015,MB-3F11m,MB,3F11m,,,,
92016,MB-3F11m,MB,3F11m,,,,
92017,MB-3F11m,MB,3F11m,,,,
92018,MB-3F11m,MB,3F11m,,,,
92019,MB-3F11m,MB,3F11m,,,,
92020,MB-3F11m,MB,3F11m,,,,
92021,MB-3F11m,MB,3F11m,,,,
92022,MB-3F11m,MB,3F11m,,,,
92023,MB-3F11m,MB,3F11m,,,,
92024,MB-3F11m,MB,3F11m,,,,
92025,MB-3F11m,MB,3F11m,,,,
92026,MB-3F11m,MB,3F11m,,,,
92027,MB-3F11m,MB,3F11m,,,,
92028,MB-3F11m,MB,3F11m,,,,
92029,MB-3F11m,MB,3F11m,,,,
92030,MB-3F11m,MB,3F11m,,,,
92031,MB-3F11m,MB,3F11m,,,,
92032,MB-3F11m,MB,3F11m,,,,
92033,MB-3F11m,MB,3F11m,,,,
92034,MB-3F11m,MB,3F11m,,,,
92035,MB-3F11m,MB,3F11m,,,,
92036,MB-3F11m,MB,3F11m,,,,
92037,MB-3F11m,MB,3F11m,,,,
92038,MB-3F11m,MB,3F11m,,,,
92039,MB-3F11m,MB,3F11m,,,,
92040,MB-3F11m,MB,3F11m,,,,
92041,MB-3F11m,MB,3F11m,,,,
92042,MB-3F11m,MB,3F11m,,,,
92043,MB-3F11m,MB,3F11m,,,,
92044,MB-3F11m,MB,3F11m,,,,
92045,MB-3F11m,MB,3F11m,,,,
92046,MB-3F11m,MB,3F11m,,,,
92047,MB-3F11m,MB,3F11m,,,,
92048,MB-3F11m,MB,3F11m,,,,
92049,MB-3F11m,MB,3F11m,,,,
93000,HH-3F12m,HH,3F12m,,,1.37,1.72
93001,HH-3F12m,HH,3F12m,,,1.2,1.56
93002,HH-3F12m,HH,3F12m,,,1.23,1.57
93003,HH-3F12m,HH,3F12m,,,1.23,1.52
93004,HH-3F12m,HH,3F12m,,,1.5,1.9
93005,HH-3F12m,HH,3F12m,,,1.01,1.4
93006,HH-3F12m,HH,3F12m,,,1.12,1.53
93007,HH-3F12m,HH,3F12m,,,0.87,1.3
93008,HH-3F12m,HH,3F12m,,,1.15,1.5
93009,HH-3F12m,HH,3F12m,,,1.79,2.16
93010,HH-3F12m,HH,3F12m,,,1.01,1.37
93011,HH-3F12m,HH,3F12m,,,1.56,1.86
93012,HH-3F12m,HH,3F12m,,,1.14,1.48
93013,HH-3F12m,HH,3F12m,,,1.17,1.56
93014,HH-3F12m,HH,3F12m,,,1.37,1.87
93015,HH-3F12m,HH,3F12m,,,1.6,2.38
93016,HH-3F12m,HH,3F12m,,,1.27,1.65
93017,HH-3F12m,HH,3F12m,,,1.28,1.66
93018,HH-3F12m,HH,3F12m,,,1.15,1.54
93019,HH-3F12m,HH,3F12m,,,1.42,1.8
93020,HH-3F12m,HH,3F12m,,,1.05,1.43
93021,HH-3F12m,HH,3F12m,,,1.31,1.82
93022,HH-3F12m,HH,3F12m,,,1.35,1.74
93023,HH-3F12m,HH,3F12m,,,0.73,1.14
93024,HH-3F12m,HH,3F12m,,,1.72,2.16
93025,HH-3F12m,HH,3F12m,,,1.08,1.5
93026,HH-3F12m,HH,3F12m,,,1.1,1.44
93027,HH-3F12m,HH,3F12m,,,0.95,1.44
93028,HH-3F12m,HH,3F12m,,,1.01,1.42
93029,HH-3F12m,HH,3F12m,,,1.07,1.4
93030,HH-3F12m,HH,3F12m,,,1.48,1.81
93031,HH-3F12m,HH,3F12m,,,1.23,1.51
93032,HH-3F12m,HH,3F12m,,,1.15,1.47
93033,HH-3F12m,HH,3F12m,,,1.03,1.38
93034,HH-3F12m,HH,3F12m,,,1.26,1.66
93035,HH-3F12m,HH,3F12m,,,1.7,2.01
93036,HH-3F12m,HH,3F12m,,,1.52,1.88
93037,HH-3F12m,HH,3F12m,,,1.31,1.6
93038,HH-3F12m,HH,3F12m,,,1.37,1.75
93039,HH-3F12m,HH,3F12m,,,1.33,1.63
93040,HH-3F12m,HH,3F12m,,,1.05,1.39
93041,HH-3F12m,HH,3F12m,,,1.53,1.85
93042,HH-3F12m,HH,3F12m,,,1.02,1.36
93043,HH-3F12m,HH,3F12m,,,2.36,2.74
93044,HH-3F12m,HH,3F12m,,,1.33,1.71
93045,HH-3F12m,HH,3F12m,,,1.67,2.14
93046,HH-3F12m,HH,3F12m,,,1.3,1.6
93047,HH-3F12m,HH,3F12m,,,1.51,1.87
93048,HH-3F12m,HH,3F12m,,,1.24,1.7
93049,HH-3F12m,HH,3F12m,,,1.44,2.16
94000,MB-3F12m,MB,3F12m,,,,
94001,MB-3F12m,MB,3F12m,,,,
94002,MB-3F12m,MB,3F12m,,,,
94003,MB-3F12m,MB,3F12m,,,,
94004,MB-3F12m,MB,3F12m,,,,
94005,MB-3F12m,MB,3F12m,,,,
94006,MB-3F12m,MB,3F12m,,,,
94007,MB-3F12m,MB,3F12m,,,,
94008,MB-3F12m,MB,3F12m,,,,
94009,MB-3F12m,MB,3F12m,,,,
94010,MB-3F12m,MB,3F12m,,,,
94011,MB-3F12m,MB,3F12m,,,,
94012,MB-3F12m,MB,3F12m,,,,
94013,MB-3F12m,MB,3F12m,,,,
94014,MB-3F12m,MB,3F12m,,,,
94015,MB-3F12m,MB,3F12m,,,,
94016,MB-3F12m,MB,3F12m,,,,
94017,MB-3F12m,MB,3F12m,,,,
94018,MB-3F12m,MB,3F12m,,,,
94019,MB-3F12m,MB,3F12m,,,,
94020,MB-3F12m,MB,3F12m,,,,
94021,MB-3F12m,MB,3F12m,,,,
94022,MB-3F12m,MB,3F12m,,,,
94023,MB-3F12m,MB,3F12m,,,,
94024,MB-3F12m,MB,3F12m,,,,
94025,MB-3F12m,MB,3F12m,,,,
94026,MB-3F12m,MB,3F12m,,,,
94027,MB-3F12m,MB,3F12m,,,,
94028,MB-3F12m,MB,3F12m,,,,
94029,MB-3F12m,MB,3F12m,,,,
94030,MB-3F12m,MB,3F12m,,,,
94031,MB-3F12m,MB,3F12m,,,,
94032,MB-3F12m,MB,3F12m,,,,
94033,MB-3F12m,MB,3F12m,,,,
94034,MB-3F12m,MB,3F12m,,,,
94035,MB-3F12m,MB,3F12m,,,,
94036,MB-3F12m,MB,3F12m,,,,
94037,MB-3F12m,MB,3F12m,,,,
94038,MB-3F12m,MB,3F12m,,,,
94039,MB-3F12m,MB,3F12m,,,,
94040,MB-3F12m,MB,3F12m,,,,
94041,MB-3F12m,MB,3F12m,,,,
94042,MB-3F12m,MB,3F12m,,,,
94043,MB-3F12m,MB,3F12m,,,,
94044,MB-3F12m,MB,3F12m,,,,
94045,MB-3F12m,MB,3F12m,,,,
94046,MB-3F12m,MB,3F12m,,,,
94047,MB-3F12m,MB,3F12m,,,,
94048,MB-3F12m,MB,3F12m,,,,
94049,MB-3F12m,MB,3F12m,,,,
